bin,n_samples,success_rate,avg_latency,validity_rate
0,15,1.0,3.0413506507873533,1.0
1,15,1.0,3.4483254750569663,1.0
2,15,1.0,3.42637308438619,1.0
3,15,1.0,3.401118532816569,1.0
4,15,1.0,3.2552961826324465,1.0
