bin,n_samples,success_rate,avg_latency,validity_rate
0,15,1.0,8.942021131515503,1.0
1,15,1.0,9.842794672648113,1.0
2,15,1.0,10.275562111536662,1.0
3,15,0.9333333333333333,10.2978897412618,0.9333333333333333
4,15,1.0,8.018645763397217,1.0
