bin,n_samples,success_rate,avg_latency,validity_rate
0,15,0.8666666666666667,6.432293828328451,0.8666666666666667
1,15,0.9333333333333333,6.210186354319254,0.9333333333333333
2,15,0.9333333333333333,11.865933100382486,0.9333333333333333
3,15,0.9333333333333333,33.80167430241902,0.9333333333333333
4,15,0.9333333333333333,10.394035895665487,0.9333333333333333
