{
  "classification": {},
  "code_generation": {
    "qwen2.5_3b": {
      "task_family": "code_generation",
      "weights_w": [
        0.19120893228959676,
        -0.6318822862924833,
        -0.49518723530867004,
        -1.278771632418926,
        0.022710859555891007,
        -0.6217288227328485,
        0.20413867626226787,
        -0.02958886711554288,
        0.46579553474921653,
        0.0,
        0.0,
        0.0,
        0.0,
        0.0,
        0.0,
        0.0,
        0.0,
        0.0,
        0.0
      ],
      "intercept_b": 5.469603408628516,
      "feature_names": [
        "n_in",
        "entropy",
        "reasoning_proxy",
        "constraint_count",
        "parametric_dependence",
        "dependency_distance",
        "reasoning_x_constraint",
        "length_x_entropy",
        "knowledge_x_reasoning",
        "classification_ambiguity",
        "classification_negation_density",
        "classification_domain_shift",
        "math_numeric_density",
        "math_symbol_density",
        "math_precision_cues",
        "instruction_format_strictness",
        "instruction_prohibition_count",
        "instruction_step_count",
        "instruction_conflict_cues"
      ],
      "n_features": 19,
      "n_samples": 22,
      "training_timestamp": "2026-04-19T00:50:13.679440",
      "sklearn_n_iter": 427
    },
    "qwen2.5_7b": {
      "task_family": "code_generation",
      "weights_w": [
        -0.4811502405561676,
        -0.46359748111817123,
        -0.4076457193947607,
        -0.9307224087591986,
        -0.03893452797842676,
        -0.584041981246626,
        0.2591022897132872,
        0.06760175730433485,
        0.21931798549509388,
        0.0,
        0.0,
        0.0,
        0.0,
        0.0,
        0.0,
        0.0,
        0.0,
        0.0,
        0.0
      ],
      "intercept_b": 11.107532964680871,
      "feature_names": [
        "n_in",
        "entropy",
        "reasoning_proxy",
        "constraint_count",
        "parametric_dependence",
        "dependency_distance",
        "reasoning_x_constraint",
        "length_x_entropy",
        "knowledge_x_reasoning",
        "classification_ambiguity",
        "classification_negation_density",
        "classification_domain_shift",
        "math_numeric_density",
        "math_symbol_density",
        "math_precision_cues",
        "instruction_format_strictness",
        "instruction_prohibition_count",
        "instruction_step_count",
        "instruction_conflict_cues"
      ],
      "n_features": 19,
      "n_samples": 22,
      "training_timestamp": "2026-04-19T00:50:23.416178",
      "sklearn_n_iter": 374
    }
  },
  "information_extraction": {},
  "instruction_following": {},
  "maths": {
    "qwen2.5_3b": {
      "task_family": "maths",
      "weights_w": [
        -0.1278364992867923,
        -0.878183800253971,
        0.19200138960075544,
        -0.12737906279115999,
        -0.3941055089465722,
        1.239896937901904,
        0.0473939978993318,
        0.017634657640971912,
        -0.6676797858122349,
        0.0,
        0.0,
        0.0,
        -0.396494736998687,
        -0.12629270456613395,
        0.0,
        0.0,
        0.0,
        0.0,
        0.0
      ],
      "intercept_b": 2.471015726067813,
      "feature_names": [
        "n_in",
        "entropy",
        "reasoning_proxy",
        "constraint_count",
        "parametric_dependence",
        "dependency_distance",
        "reasoning_x_constraint",
        "length_x_entropy",
        "knowledge_x_reasoning",
        "classification_ambiguity",
        "classification_negation_density",
        "classification_domain_shift",
        "math_numeric_density",
        "math_symbol_density",
        "math_precision_cues",
        "instruction_format_strictness",
        "instruction_prohibition_count",
        "instruction_step_count",
        "instruction_conflict_cues"
      ],
      "n_features": 19,
      "n_samples": 43,
      "training_timestamp": "2026-04-19T00:50:36.137058",
      "sklearn_n_iter": 361
    },
    "qwen2.5_7b": {
      "task_family": "maths",
      "weights_w": [
        -0.038168311206881564,
        -0.5741460743476026,
        -0.022968458679794464,
        -0.2246006275134995,
        -0.18640353341704982,
        0.17932500517287372,
        -0.06773448675964606,
        0.010193908722290342,
        -0.21370177030747703,
        0.0,
        0.0,
        0.0,
        -0.14747670397254053,
        -0.009158915234999426,
        0.0,
        0.0,
        0.0,
        0.0,
        0.0
      ],
      "intercept_b": 3.3386175206020257,
      "feature_names": [
        "n_in",
        "entropy",
        "reasoning_proxy",
        "constraint_count",
        "parametric_dependence",
        "dependency_distance",
        "reasoning_x_constraint",
        "length_x_entropy",
        "knowledge_x_reasoning",
        "classification_ambiguity",
        "classification_negation_density",
        "classification_domain_shift",
        "math_numeric_density",
        "math_symbol_density",
        "math_precision_cues",
        "instruction_format_strictness",
        "instruction_prohibition_count",
        "instruction_step_count",
        "instruction_conflict_cues"
      ],
      "n_features": 19,
      "n_samples": 43,
      "training_timestamp": "2026-04-19T00:50:47.816013",
      "sklearn_n_iter": 297
    }
  },
  "retrieval_grounded": {},
  "summarization": {},
  "text_generation": {}
}