{
  "task": "retrieval_grounded",
  "model": "qwen2.5_7b",
  "features": [
    "context_token_count",
    "query_token_count",
    "context_query_overlap_ratio",
    "bm25_query_context_max",
    "bm25_query_context_mean",
    "embedding_query_context_cosine",
    "entity_density",
    "flesch_kincaid_grade",
    "question_mark_density",
    "citation_marker_density"
  ],
  "tau": 0.3,
  "class_weight": "balanced",
  "scaler_mean": [
    158.3793103448276,
    16.020689655172415,
    0.6127970476765664,
    4.4866067773406915,
    1.6730845996023669,
    0.5529606966109112,
    0.10557414791455212,
    10.388837775399159,
    0.15635631609769543,
    0.016508185301288753
  ],
  "scaler_scale": [
    42.72188633403456,
    13.066656151160158,
    0.1380989037487939,
    2.644771166256272,
    0.885608076034491,
    0.133255548721793,
    0.04969031312000914,
    2.3538275425852038,
    0.09451941065110353,
    0.061528907569052216
  ],
  "weights": [
    1.260415825562529,
    -0.21518778967152635,
    -1.3390410285103993,
    -0.02805720311427807,
    0.2509221150995225,
    -0.3252009864263197,
    0.07018379167673153,
    0.10815459491304304,
    0.12790063733820878,
    0.09703238173598144
  ],
  "bias": -0.06690018589924324,
  "metrics": {
    "train": {
      "n": 145.0,
      "positive_rate": 0.4413793103448276,
      "avg_pred_fail_prob": 0.47904312511756875,
      "f1": 0.7530864197530864,
      "accuracy": 0.7241379310344828
    },
    "val": {
      "n": 42.0,
      "positive_rate": 0.47619047619047616,
      "avg_pred_fail_prob": 0.46834257543898633,
      "f1": 0.75,
      "accuracy": 0.7142857142857143
    },
    "test": {
      "n": 63.0,
      "positive_rate": 0.3333333333333333,
      "avg_pred_fail_prob": 0.45852503085038154,
      "f1": 0.6774193548387096,
      "accuracy": 0.6825396825396826
    }
  }
}