{
  "task": "retrieval_grounded",
  "model": "qwen2.5_3b",
  "features": [
    "context_token_count",
    "query_token_count",
    "context_query_overlap_ratio",
    "bm25_query_context_max",
    "bm25_query_context_mean",
    "embedding_query_context_cosine",
    "entity_density",
    "flesch_kincaid_grade",
    "question_mark_density",
    "citation_marker_density"
  ],
  "tau": 0.5499999999999999,
  "class_weight": "balanced",
  "scaler_mean": [
    158.3793103448276,
    16.020689655172415,
    0.6127970476765664,
    4.4866067773406915,
    1.6730845996023669,
    0.5529606966109112,
    0.10557414791455212,
    10.388837775399159,
    0.15635631609769543,
    0.016508185301288753
  ],
  "scaler_scale": [
    42.72188633403456,
    13.066656151160158,
    0.1380989037487939,
    2.644771166256272,
    0.885608076034491,
    0.133255548721793,
    0.04969031312000914,
    2.3538275425852038,
    0.09451941065110353,
    0.061528907569052216
  ],
  "weights": [
    1.0396661903477882,
    -0.4420219119420438,
    -0.729287257953624,
    -0.5118645183692069,
    0.8249332503915707,
    -0.7231827626910105,
    0.20624274813472593,
    -0.2889997619611255,
    0.036770715407697045,
    0.25497662256430226
  ],
  "bias": -0.11272374000411377,
  "metrics": {
    "train": {
      "n": 145.0,
      "positive_rate": 0.4,
      "avg_pred_fail_prob": 0.4672967138633061,
      "f1": 0.6607142857142857,
      "accuracy": 0.7379310344827587
    },
    "val": {
      "n": 42.0,
      "positive_rate": 0.42857142857142855,
      "avg_pred_fail_prob": 0.46836611069988715,
      "f1": 0.7272727272727273,
      "accuracy": 0.7857142857142857
    },
    "test": {
      "n": 63.0,
      "positive_rate": 0.36507936507936506,
      "avg_pred_fail_prob": 0.47038204613118756,
      "f1": 0.6122448979591837,
      "accuracy": 0.6984126984126984
    }
  }
}