{
  "task": "retrieval_grounded",
  "model": "qwen2.5_0.5b",
  "features": [
    "context_token_count",
    "query_token_count",
    "context_query_overlap_ratio",
    "bm25_query_context_max",
    "bm25_query_context_mean",
    "embedding_query_context_cosine",
    "entity_density",
    "flesch_kincaid_grade",
    "question_mark_density",
    "citation_marker_density"
  ],
  "tau": 0.1,
  "class_weight": "balanced",
  "scaler_mean": [
    158.3793103448276,
    16.020689655172415,
    0.6127970476765664,
    4.4866067773406915,
    1.6730845996023669,
    0.5529606966109112,
    0.10557414791455212,
    10.388837775399159,
    0.15635631609769543,
    0.016508185301288753
  ],
  "scaler_scale": [
    42.72188633403456,
    13.066656151160158,
    0.1380989037487939,
    2.644771166256272,
    0.885608076034491,
    0.133255548721793,
    0.04969031312000914,
    2.3538275425852038,
    0.09451941065110353,
    0.061528907569052216
  ],
  "weights": [
    0.6753984350831489,
    -0.7068567701677464,
    -1.0921914471119867,
    -0.22643181416927216,
    1.0906790879297035,
    -0.05749454741184027,
    -0.01057131977513319,
    -0.01900724806647349,
    -0.12320232280833644,
    0.3285847579519146
  ],
  "bias": 0.09800808228424321,
  "metrics": {
    "train": {
      "n": 145.0,
      "positive_rate": 0.5517241379310345,
      "avg_pred_fail_prob": 0.5120080731152996,
      "f1": 0.7174887892376681,
      "accuracy": 0.5655172413793104
    },
    "val": {
      "n": 42.0,
      "positive_rate": 0.5476190476190477,
      "avg_pred_fail_prob": 0.4842156624298517,
      "f1": 0.71875,
      "accuracy": 0.5714285714285714
    },
    "test": {
      "n": 63.0,
      "positive_rate": 0.4444444444444444,
      "avg_pred_fail_prob": 0.5080120573908533,
      "f1": 0.6511627906976745,
      "accuracy": 0.5238095238095238
    }
  }
}