{
  "task": "information_extraction",
  "model": "qwen2.5_7b",
  "features": [
    "token_count",
    "avg_sentence_length",
    "entity_count",
    "entity_type_count",
    "entity_density",
    "noun_ratio",
    "relation_keyword_density",
    "slot_marker_density",
    "bm25_query_context_max",
    "embedding_query_context_cosine"
  ],
  "tau": 0.15,
  "class_weight": "balanced",
  "scaler_mean": [
    145.31034482758622,
    23.532507754059477,
    11.045977011494253,
    4.32183908045977,
    0.0901287954256776,
    0.24285699858210227,
    0.09912633239913698,
    0.002867532002593654,
    4.4674657570968845,
    0.5540998626029354
  ],
  "scaler_scale": [
    16.447974647233515,
    5.460992150165384,
    7.191802558847715,
    2.276790708020368,
    0.058310352593026415,
    0.049706840757334295,
    0.02441694801813298,
    0.0007758066258828811,
    3.033810563971566,
    0.1361902671011742
  ],
  "weights": [
    0.6689967565873897,
    0.15718345266204564,
    0.3897819865356296,
    -0.4414413235516295,
    -0.2243898367154808,
    -0.21867777663878268,
    -0.27524972452993457,
    -1.1018100996219562,
    -0.995306545784426,
    -0.11846528408610606
  ],
  "bias": -0.45409176692062686,
  "metrics": {
    "train": {
      "n": 87.0,
      "positive_rate": 0.22988505747126436,
      "avg_pred_fail_prob": 0.44308797666835725,
      "f1": 0.42105263157894735,
      "accuracy": 0.367816091954023
    },
    "val": {
      "n": 36.0,
      "positive_rate": 0.2222222222222222,
      "avg_pred_fail_prob": 0.42354454371632183,
      "f1": 0.3684210526315789,
      "accuracy": 0.3333333333333333
    },
    "test": {
      "n": 35.0,
      "positive_rate": 0.22857142857142856,
      "avg_pred_fail_prob": 0.4415115959622687,
      "f1": 0.3888888888888889,
      "accuracy": 0.37142857142857144
    }
  }
}