{
  "task": "information_extraction",
  "model": "qwen2.5_3b",
  "features": [
    "token_count",
    "avg_sentence_length",
    "entity_count",
    "entity_type_count",
    "entity_density",
    "noun_ratio",
    "relation_keyword_density",
    "slot_marker_density",
    "bm25_query_context_max",
    "embedding_query_context_cosine"
  ],
  "tau": 0.15,
  "class_weight": "balanced",
  "scaler_mean": [
    145.31034482758622,
    23.532507754059477,
    11.045977011494253,
    4.32183908045977,
    0.0901287954256776,
    0.24285699858210227,
    0.09912633239913698,
    0.002867532002593654,
    4.4674657570968845,
    0.5540998626029354
  ],
  "scaler_scale": [
    16.447974647233515,
    5.460992150165384,
    7.191802558847715,
    2.276790708020368,
    0.058310352593026415,
    0.049706840757334295,
    0.02441694801813298,
    0.0007758066258828811,
    3.033810563971566,
    0.1361902671011742
  ],
  "weights": [
    0.2286645902158932,
    -0.1536683921690765,
    0.04976069773608288,
    0.058321122666336433,
    0.058568269967922,
    -0.28528494684287814,
    -0.0071784966181494625,
    -0.6781190209532659,
    -0.2418769465578963,
    0.06426347487405513
  ],
  "bias": -0.11795757041676484,
  "metrics": {
    "train": {
      "n": 87.0,
      "positive_rate": 0.3218390804597701,
      "avg_pred_fail_prob": 0.48163116462454436,
      "f1": 0.4864864864864865,
      "accuracy": 0.3448275862068966
    },
    "val": {
      "n": 36.0,
      "positive_rate": 0.2777777777777778,
      "avg_pred_fail_prob": 0.4388298743614672,
      "f1": 0.4878048780487805,
      "accuracy": 0.4166666666666667
    },
    "test": {
      "n": 35.0,
      "positive_rate": 0.2857142857142857,
      "avg_pred_fail_prob": 0.4881550845755352,
      "f1": 0.37209302325581395,
      "accuracy": 0.22857142857142856
    }
  }
}