{
  "task": "information_extraction",
  "model": "qwen2.5_0.5b",
  "features": [
    "token_count",
    "avg_sentence_length",
    "entity_count",
    "entity_type_count",
    "entity_density",
    "noun_ratio",
    "relation_keyword_density",
    "slot_marker_density",
    "bm25_query_context_max",
    "embedding_query_context_cosine"
  ],
  "tau": 0.05,
  "class_weight": "balanced",
  "scaler_mean": [
    145.31034482758622,
    23.532507754059477,
    11.045977011494253,
    4.32183908045977,
    0.0901287954256776,
    0.24285699858210227,
    0.09912633239913698,
    0.002867532002593654,
    4.4674657570968845,
    0.5540998626029354
  ],
  "scaler_scale": [
    16.447974647233515,
    5.460992150165384,
    7.191802558847715,
    2.276790708020368,
    0.058310352593026415,
    0.049706840757334295,
    0.02441694801813298,
    0.0007758066258828811,
    3.033810563971566,
    0.1361902671011742
  ],
  "weights": [
    -0.010664681230087581,
    0.27409761166518304,
    0.7937176308147003,
    -0.8343985736334855,
    0.13908124457456614,
    -0.08392811258300686,
    -0.3920010816739731,
    0.2773539913658165,
    -0.6862479542319876,
    0.18484248987698254
  ],
  "bias": -0.16096347038571018,
  "metrics": {
    "train": {
      "n": 87.0,
      "positive_rate": 0.27586206896551724,
      "avg_pred_fail_prob": 0.46246036655468836,
      "f1": 0.43243243243243246,
      "accuracy": 0.27586206896551724
    },
    "val": {
      "n": 36.0,
      "positive_rate": 0.3888888888888889,
      "avg_pred_fail_prob": 0.48269550417227525,
      "f1": 0.56,
      "accuracy": 0.3888888888888889
    },
    "test": {
      "n": 35.0,
      "positive_rate": 0.45714285714285713,
      "avg_pred_fail_prob": 0.46463981190875686,
      "f1": 0.64,
      "accuracy": 0.4857142857142857
    }
  }
}