{
  "task": "maths",
  "model": "llama_llama-3.3-70b-versatile",
  "features": [
    "numeric_density",
    "modal_verb_count",
    "readability_fk",
    "sentence_count",
    "symbol_count"
  ],
  "tau": 0.7,
  "class_weight": "balanced",
  "scaler_mean": [
    0.06740790901041707,
    0.3355263157894737,
    5.676316743622621,
    5.480263157894737,
    0.4934210526315789
  ],
  "scaler_scale": [
    0.047284725785939515,
    0.7428968808813702,
    1.3103865340632221,
    1.820823970280467,
    0.8810632820207682
  ],
  "weights": [
    -1.3922965956840256,
    0.144742937101669,
    -0.4780114359283263,
    -0.40483037217296003,
    0.8254479642440851
  ],
  "bias": -0.30188115587821973,
  "metrics": {
    "train": {
      "n": 152.0,
      "positive_rate": 0.32894736842105265,
      "avg_pred_fail_prob": 0.4453717168641818,
      "f1": 0.6888888888888889,
      "accuracy": 0.8157894736842105
    },
    "val": {
      "n": 44.0,
      "positive_rate": 0.3181818181818182,
      "avg_pred_fail_prob": 0.45415873746148366,
      "f1": 0.8,
      "accuracy": 0.8863636363636364
    },
    "test": {
      "n": 54.0,
      "positive_rate": 0.2962962962962963,
      "avg_pred_fail_prob": 0.39479817660574235,
      "f1": 0.7142857142857143,
      "accuracy": 0.8518518518518519
    }
  }
}