{
  "task": "maths",
  "model": "qwen2.5_7b",
  "features": [
    "numeric_density",
    "modal_verb_count",
    "readability_fk",
    "sentence_count",
    "symbol_count"
  ],
  "tau": 0.05,
  "class_weight": "balanced",
  "scaler_mean": [
    0.06740790901041707,
    0.3355263157894737,
    5.676316743622621,
    5.480263157894737,
    0.4934210526315789
  ],
  "scaler_scale": [
    0.047284725785939515,
    0.7428968808813702,
    1.3103865340632221,
    1.820823970280467,
    0.8810632820207682
  ],
  "weights": [
    -0.3495755375730665,
    0.10340489290030622,
    -0.4228999445237025,
    -0.17020757432743716,
    0.5234277815333687
  ],
  "bias": 0.0505072427083162,
  "metrics": {
    "train": {
      "n": 152.0,
      "positive_rate": 0.6644736842105263,
      "avg_pred_fail_prob": 0.5108360616104273,
      "f1": 0.7984189723320159,
      "accuracy": 0.6644736842105263
    },
    "val": {
      "n": 44.0,
      "positive_rate": 0.6818181818181818,
      "avg_pred_fail_prob": 0.491660188799413,
      "f1": 0.8108108108108109,
      "accuracy": 0.6818181818181818
    },
    "test": {
      "n": 54.0,
      "positive_rate": 0.6481481481481481,
      "avg_pred_fail_prob": 0.46475988501516696,
      "f1": 0.7865168539325843,
      "accuracy": 0.6481481481481481
    }
  }
}