{
  "task": "maths",
  "model": "qwen2.5_3b",
  "features": [
    "numeric_density",
    "modal_verb_count",
    "readability_fk",
    "sentence_count",
    "symbol_count"
  ],
  "tau": 0.49999999999999994,
  "class_weight": "balanced",
  "scaler_mean": [
    0.06740790901041707,
    0.3355263157894737,
    5.676316743622621,
    5.480263157894737,
    0.4934210526315789
  ],
  "scaler_scale": [
    0.047284725785939515,
    0.7428968808813702,
    1.3103865340632221,
    1.820823970280467,
    0.8810632820207682
  ],
  "weights": [
    -0.5143507630378891,
    -0.050756319120678475,
    0.1830190287443394,
    -0.35020966732240444,
    0.09445881019710935
  ],
  "bias": -0.04445946137486814,
  "metrics": {
    "train": {
      "n": 152.0,
      "positive_rate": 0.4342105263157895,
      "avg_pred_fail_prob": 0.49127386277469165,
      "f1": 0.5985401459854015,
      "accuracy": 0.6381578947368421
    },
    "val": {
      "n": 44.0,
      "positive_rate": 0.5681818181818182,
      "avg_pred_fail_prob": 0.5190010250029617,
      "f1": 0.75,
      "accuracy": 0.7272727272727273
    },
    "test": {
      "n": 54.0,
      "positive_rate": 0.35185185185185186,
      "avg_pred_fail_prob": 0.49723172303839147,
      "f1": 0.6363636363636364,
      "accuracy": 0.7037037037037037
    }
  }
}