bin,n_samples,success_rate,avg_latency,validity_rate
0,15,1.0,4.340163326263427,1.0
1,15,0.9333333333333333,3.360729964574178,0.9333333333333333
2,15,1.0,2.6640320142110188,1.0
3,15,1.0,3.1107478459676106,1.0
4,15,1.0,2.957916037241618,1.0
