{
  "task": "code_generation",
  "model": "qwen2.5_0.5b",
  "features": [
    "token_count",
    "modal_verb_count",
    "readability_fog",
    "avg_sentence_length",
    "algorithm_keyword_count"
  ],
  "tau": 0.05,
  "class_weight": "balanced",
  "scaler_mean": [
    67.9047619047619,
    0.21768707482993196,
    9.014193874189196,
    13.939753198426668,
    0.06802721088435375
  ],
  "scaler_scale": [
    60.48785039453356,
    0.7048617059585642,
    3.3007731206320505,
    7.5398005039214215,
    0.27749766060368897
  ],
  "weights": [
    0.09553971909018635,
    1.5401701351466555,
    0.9544134865396737,
    -1.3416194657223717,
    -0.39445398430998935
  ],
  "bias": 0.4549021944995263,
  "metrics": {
    "train": {
      "n": 147.0,
      "positive_rate": 0.8095238095238095,
      "avg_pred_fail_prob": 0.5559374696317061,
      "f1": 0.8947368421052632,
      "accuracy": 0.8095238095238095
    },
    "val": {
      "n": 49.0,
      "positive_rate": 0.8367346938775511,
      "avg_pred_fail_prob": 0.5905336813727865,
      "f1": 0.9111111111111111,
      "accuracy": 0.8367346938775511
    },
    "test": {
      "n": 54.0,
      "positive_rate": 0.7777777777777778,
      "avg_pred_fail_prob": 0.5877855001666042,
      "f1": 0.851063829787234,
      "accuracy": 0.7407407407407407
    }
  }
}