{
  "task": "code_generation",
  "model": "qwen2.5_3b",
  "features": [
    "token_count",
    "modal_verb_count",
    "readability_fog",
    "avg_sentence_length",
    "algorithm_keyword_count"
  ],
  "tau": 0.05,
  "class_weight": "balanced",
  "scaler_mean": [
    67.9047619047619,
    0.21768707482993196,
    9.014193874189196,
    13.939753198426668,
    0.06802721088435375
  ],
  "scaler_scale": [
    60.48785039453356,
    0.7048617059585642,
    3.3007731206320505,
    7.5398005039214215,
    0.27749766060368897
  ],
  "weights": [
    0.15954220769711283,
    -0.11829517063340378,
    0.1982003786797093,
    -1.0181232389124177,
    -0.2499131190417785
  ],
  "bias": -0.0382011635122194,
  "metrics": {
    "train": {
      "n": 147.0,
      "positive_rate": 0.5170068027210885,
      "avg_pred_fail_prob": 0.5024526361156781,
      "f1": 0.6846846846846847,
      "accuracy": 0.5238095238095238
    },
    "val": {
      "n": 49.0,
      "positive_rate": 0.6326530612244898,
      "avg_pred_fail_prob": 0.515251338572634,
      "f1": 0.775,
      "accuracy": 0.6326530612244898
    },
    "test": {
      "n": 54.0,
      "positive_rate": 0.4444444444444444,
      "avg_pred_fail_prob": 0.4517981669854273,
      "f1": 0.631578947368421,
      "accuracy": 0.48148148148148145
    }
  }
}