{
  "task": "code_generation",
  "model": "qwen2.5_7b",
  "features": [
    "token_count",
    "modal_verb_count",
    "readability_fog",
    "avg_sentence_length",
    "algorithm_keyword_count"
  ],
  "tau": 0.49999999999999994,
  "class_weight": "balanced",
  "scaler_mean": [
    67.9047619047619,
    0.21768707482993196,
    9.014193874189196,
    13.939753198426668,
    0.06802721088435375
  ],
  "scaler_scale": [
    60.48785039453356,
    0.7048617059585642,
    3.3007731206320505,
    7.5398005039214215,
    0.27749766060368897
  ],
  "weights": [
    0.025586397479275356,
    0.06746302865199652,
    0.5894040400264232,
    -1.1802037313037053,
    -0.3074930907838123
  ],
  "bias": -0.04852529069371983,
  "metrics": {
    "train": {
      "n": 147.0,
      "positive_rate": 0.46938775510204084,
      "avg_pred_fail_prob": 0.49686237181161813,
      "f1": 0.6708860759493671,
      "accuracy": 0.6462585034013606
    },
    "val": {
      "n": 49.0,
      "positive_rate": 0.5510204081632653,
      "avg_pred_fail_prob": 0.5159233681085005,
      "f1": 0.7868852459016393,
      "accuracy": 0.7346938775510204
    },
    "test": {
      "n": 54.0,
      "positive_rate": 0.42592592592592593,
      "avg_pred_fail_prob": 0.4595526140464652,
      "f1": 0.5490196078431373,
      "accuracy": 0.5740740740740741
    }
  }
}