bin,n_samples,success_rate,avg_latency,validity_rate
0,15,0.8,9.26511410077413,0.8
1,15,0.9333333333333333,8.455261754989625,0.9333333333333333
2,15,0.7333333333333333,8.706598377227783,0.7333333333333333
3,15,0.8,8.506688419977824,0.8
4,15,0.7333333333333333,9.549003998438517,0.7333333333333333
