bin,n_samples,success_rate,avg_latency,validity_rate
0,15,1.0,2.235504484176636,1.0
1,15,1.0,1.910290575027466,1.0
2,15,1.0,2.001841894785563,1.0
3,15,0.9333333333333333,17.12398581504822,0.9333333333333333
4,15,1.0,47.135836346944174,1.0
