bin,n_samples,success_rate,avg_latency,validity_rate
0,15,1.0,7.476849794387817,1.0
1,15,1.0,6.597978417078654,1.0
2,15,1.0,6.622897879282633,1.0
3,15,1.0,6.370078420639038,1.0
4,15,1.0,6.770858414967855,1.0
