{
    "metadata": {
        "model": "gemini-3.1-flash-lite-preview",
        "workers": 1,
        "profile": "fast15",
        "input_file": null,
        "dataset_name": null,
        "test_mode": false,
        "seed": 42
    },
    "operational": [
        {
            "dataset": "SST-2",
            "total_samples": 6,
            "total_time": 4.851855516433716,
            "throughput": 1.2366402873452034,
            "latency_mean": 0.8070104122161865,
            "latency_p95": 0.9148670434951782,
            "cpu_util_avg": 26.849999999999998,
            "mem_usage_delta_mb": 88.19140625,
            "parse_failure_rate": 0.0
        },
        {
            "dataset": "Emotion",
            "total_samples": 6,
            "total_time": 62.25875973701477,
            "throughput": 0.09637198083200513,
            "latency_mean": 10.37422788143158,
            "latency_p95": 44.07528257369995,
            "cpu_util_avg": 21.05,
            "mem_usage_delta_mb": -849.89453125,
            "parse_failure_rate": 0.0
        },
        {
            "dataset": "AG News",
            "total_samples": 4,
            "total_time": 12.964651584625244,
            "throughput": 0.3085312377189984,
            "latency_mean": 3.239960551261902,
            "latency_p95": 9.06483002901077,
            "cpu_util_avg": 10.05,
            "mem_usage_delta_mb": -57.9765625,
            "parse_failure_rate": 0.0
        }
    ],
    "capability": {
        "SST-2": {
            "accuracy": 1.0,
            "macro_f1": 1.0,
            "weighted_f1": 1.0,
            "precision": 1.0,
            "recall": 1.0,
            "validity_rate": 1.0
        },
        "Emotion": {
            "accuracy": 0.8333333333333334,
            "macro_f1": 0.7777777777777778,
            "weighted_f1": 0.7777777777777778,
            "precision": 0.75,
            "recall": 0.8333333333333334,
            "validity_rate": 1.0
        },
        "AG News": {
            "accuracy": 1.0,
            "macro_f1": 1.0,
            "weighted_f1": 1.0,
            "precision": 1.0,
            "recall": 1.0,
            "validity_rate": 1.0
        }
    }
}