bin,n_samples,success_rate,avg_latency,validity_rate
0,15,1.0,3.180653969446818,1.0
1,15,1.0,3.309194326400757,1.0
2,15,1.0,3.0377904415130614,1.0
3,15,1.0,3.2688082695007323,1.0
4,15,1.0,3.354329474767049,1.0
