{
  "task": "information_extraction",
  "primary_metric": "field_match",
  "baseline_model": "groq:llama-3.3-70b-versatile",
  "models": {
    "tinyllama_1.1b": {
      "sample_count": 75,
      "capability": {
        "score": 0.8666666666666667,
        "semantic_risk": 0.13333333333333333,
        "primary_metric_score_name": "field_match",
        "valid_output_rate": 1.0,
        "per_bin": {
          "0": {
            "sample_count": 15,
            "capability": 0.8666666666666667,
            "semantic_risk": 0.13333333333333333,
            "avg_latency_sec": 5.347276941935221,
            "valid_output_rate": 1.0
          },
          "1": {
            "sample_count": 15,
            "capability": 0.9333333333333333,
            "semantic_risk": 0.06666666666666667,
            "avg_latency_sec": 6.017418464024861,
            "valid_output_rate": 1.0
          },
          "2": {
            "sample_count": 15,
            "capability": 0.8666666666666667,
            "semantic_risk": 0.13333333333333333,
            "avg_latency_sec": 5.462559715906779,
            "valid_output_rate": 1.0
          },
          "3": {
            "sample_count": 15,
            "capability": 0.7333333333333333,
            "semantic_risk": 0.26666666666666666,
            "avg_latency_sec": 4.742549689610799,
            "valid_output_rate": 1.0
          },
          "4": {
            "sample_count": 15,
            "capability": 0.9333333333333333,
            "semantic_risk": 0.06666666666666667,
            "avg_latency_sec": 5.460525528589884,
            "valid_output_rate": 1.0
          }
        }
      },
      "operational": {
        "avg_latency_sec": 5.4060660680135095,
        "p50_latency_sec": 5.668669939041138,
        "p95_latency_sec": 8.823819756507874,
        "p99_latency_sec": 9.768120403289796,
        "throughput_qps": 0.18497739158549645,
        "success_rate": 0.9466666666666667,
        "error_rate": 0.05333333333333334
      },
      "model_key": "tinyllama_1.1b",
      "display_name": "tinyllama:1.1b"
    },
    "qwen2.5_1.5b": {
      "sample_count": 75,
      "capability": {
        "score": 0.9733333333333334,
        "semantic_risk": 0.02666666666666667,
        "primary_metric_score_name": "field_match",
        "valid_output_rate": 1.0,
        "per_bin": {
          "0": {
            "sample_count": 15,
            "capability": 1.0,
            "semantic_risk": 0.0,
            "avg_latency_sec": 3.720787254969279,
            "valid_output_rate": 1.0
          },
          "1": {
            "sample_count": 15,
            "capability": 1.0,
            "semantic_risk": 0.0,
            "avg_latency_sec": 1.8519274552663167,
            "valid_output_rate": 1.0
          },
          "2": {
            "sample_count": 15,
            "capability": 0.8666666666666667,
            "semantic_risk": 0.13333333333333333,
            "avg_latency_sec": 2.1439622243245444,
            "valid_output_rate": 1.0
          },
          "3": {
            "sample_count": 15,
            "capability": 1.0,
            "semantic_risk": 0.0,
            "avg_latency_sec": 2.1681042035420734,
            "valid_output_rate": 1.0
          },
          "4": {
            "sample_count": 15,
            "capability": 1.0,
            "semantic_risk": 0.0,
            "avg_latency_sec": 2.131947724024455,
            "valid_output_rate": 1.0
          }
        }
      },
      "operational": {
        "avg_latency_sec": 2.4033457724253338,
        "p50_latency_sec": 1.529454231262207,
        "p95_latency_sec": 5.966929221153259,
        "p99_latency_sec": 9.045127668380738,
        "throughput_qps": 0.41608661203620784,
        "success_rate": 0.9733333333333334,
        "error_rate": 0.02666666666666667
      },
      "model_key": "qwen2.5_1.5b",
      "display_name": "qwen2.5:1.5b"
    },
    "phi3_mini": {
      "sample_count": 75,
      "capability": {
        "score": 0.9466666666666667,
        "semantic_risk": 0.05333333333333334,
        "primary_metric_score_name": "field_match",
        "valid_output_rate": 1.0,
        "per_bin": {
          "0": {
            "sample_count": 15,
            "capability": 0.9333333333333333,
            "semantic_risk": 0.06666666666666667,
            "avg_latency_sec": 6.176350132624308,
            "valid_output_rate": 1.0
          },
          "1": {
            "sample_count": 15,
            "capability": 0.9333333333333333,
            "semantic_risk": 0.06666666666666667,
            "avg_latency_sec": 7.676933272679647,
            "valid_output_rate": 1.0
          },
          "2": {
            "sample_count": 15,
            "capability": 1.0,
            "semantic_risk": 0.0,
            "avg_latency_sec": 6.986743227640788,
            "valid_output_rate": 1.0
          },
          "3": {
            "sample_count": 15,
            "capability": 0.8666666666666667,
            "semantic_risk": 0.13333333333333333,
            "avg_latency_sec": 6.751708936691284,
            "valid_output_rate": 1.0
          },
          "4": {
            "sample_count": 15,
            "capability": 1.0,
            "semantic_risk": 0.0,
            "avg_latency_sec": 6.195283571879069,
            "valid_output_rate": 1.0
          }
        }
      },
      "operational": {
        "avg_latency_sec": 6.757403828303019,
        "p50_latency_sec": 2.51216983795166,
        "p95_latency_sec": 20.98186287879944,
        "p99_latency_sec": 21.48163709640503,
        "throughput_qps": 0.14798582790206413,
        "success_rate": 0.8666666666666667,
        "error_rate": 0.13333333333333333
      },
      "model_key": "phi3_mini",
      "display_name": "phi3:mini"
    },
    "llama_llama-3.3-70b-versatile": {
      "sample_count": 75,
      "capability": {
        "score": 1.0,
        "semantic_risk": 0.0,
        "primary_metric_score_name": "field_match",
        "valid_output_rate": 1.0,
        "per_bin": {
          "0": {
            "sample_count": 15,
            "capability": 1.0,
            "semantic_risk": 0.0,
            "avg_latency_sec": 3.068735218048096,
            "valid_output_rate": 1.0
          },
          "1": {
            "sample_count": 15,
            "capability": 1.0,
            "semantic_risk": 0.0,
            "avg_latency_sec": 3.2265206813812255,
            "valid_output_rate": 1.0
          },
          "2": {
            "sample_count": 15,
            "capability": 1.0,
            "semantic_risk": 0.0,
            "avg_latency_sec": 3.1747787316640217,
            "valid_output_rate": 1.0
          },
          "3": {
            "sample_count": 15,
            "capability": 1.0,
            "semantic_risk": 0.0,
            "avg_latency_sec": 3.2106431325276694,
            "valid_output_rate": 1.0
          },
          "4": {
            "sample_count": 15,
            "capability": 1.0,
            "semantic_risk": 0.0,
            "avg_latency_sec": 3.199863624572754,
            "valid_output_rate": 1.0
          }
        }
      },
      "operational": {
        "avg_latency_sec": 3.1761082776387535,
        "p50_latency_sec": 3.182598352432251,
        "p95_latency_sec": 3.5664679288864134,
        "p99_latency_sec": 4.642123279571537,
        "throughput_qps": 0.3148507269227736,
        "success_rate": 1.0,
        "error_rate": 0.0
      },
      "model_key": "llama_llama-3.3-70b-versatile",
      "display_name": "groq:llama-3.3-70b-versatile"
    }
  }
}