{
  "task": "information_extraction",
  "primary_metric": "field_match",
  "baseline_model": "groq:llama-3.3-70b-versatile",
  "models": {
    "qwen2.5_0.5b": {
      "sample_count": 250,
      "capability": {
        "score": 0.616,
        "semantic_risk": 0.1506700000000001,
        "primary_metric_score_name": "field_match",
        "valid_output_rate": 1.0,
        "per_bin": {
          "0": {
            "sample_count": 17,
            "capability": 0.7058823529411765,
            "semantic_risk": 0.12397058823529414,
            "avg_latency_sec": 2.016311764705882,
            "valid_output_rate": 1.0
          },
          "1": {
            "sample_count": 19,
            "capability": 0.6842105263157895,
            "semantic_risk": 0.1268421052631579,
            "avg_latency_sec": 1.4489210526315788,
            "valid_output_rate": 1.0
          },
          "2": {
            "sample_count": 20,
            "capability": 0.7,
            "semantic_risk": 0.12050000000000001,
            "avg_latency_sec": 1.550955,
            "valid_output_rate": 1.0
          },
          "3": {
            "sample_count": 14,
            "capability": 0.8571428571428571,
            "semantic_risk": 0.04321428571428572,
            "avg_latency_sec": 1.46695,
            "valid_output_rate": 1.0
          },
          "4": {
            "sample_count": 180,
            "capability": 0.5722222222222222,
            "semantic_risk": 0.16741666666666688,
            "avg_latency_sec": 2.088745555555555,
            "valid_output_rate": 1.0
          }
        }
      },
      "operational": {
        "avg_latency_sec": 1.9573495999999992,
        "p50_latency_sec": 1.4065500000000002,
        "p95_latency_sec": 4.826479999999997,
        "p99_latency_sec": 8.921446999999963,
        "throughput_qps": 0.5108949367042047,
        "success_rate": 1.0,
        "error_rate": 0.0
      },
      "model_key": "qwen2.5_0.5b",
      "display_name": "qwen2.5:0.5b"
    },
    "qwen2.5_3b": {
      "sample_count": 250,
      "capability": {
        "score": 0.684,
        "semantic_risk": 0.12296000000000015,
        "primary_metric_score_name": "field_match",
        "valid_output_rate": 1.0,
        "per_bin": {
          "0": {
            "sample_count": 17,
            "capability": 0.7647058823529411,
            "semantic_risk": 0.1061764705882353,
            "avg_latency_sec": 7.041511764705883,
            "valid_output_rate": 1.0
          },
          "1": {
            "sample_count": 19,
            "capability": 0.7368421052631579,
            "semantic_risk": 0.11092105263157896,
            "avg_latency_sec": 8.180657894736843,
            "valid_output_rate": 1.0
          },
          "2": {
            "sample_count": 20,
            "capability": 0.7,
            "semantic_risk": 0.12050000000000001,
            "avg_latency_sec": 6.947104999999999,
            "valid_output_rate": 1.0
          },
          "3": {
            "sample_count": 14,
            "capability": 0.7857142857142857,
            "semantic_risk": 0.06482142857142859,
            "avg_latency_sec": 6.890300000000002,
            "valid_output_rate": 1.0
          },
          "4": {
            "sample_count": 180,
            "capability": 0.6611111111111111,
            "semantic_risk": 0.13061111111111123,
            "avg_latency_sec": 7.783788888888889,
            "valid_output_rate": 1.0
          }
        }
      },
      "operational": {
        "avg_latency_sec": 7.6465060000000005,
        "p50_latency_sec": 5.4975000000000005,
        "p95_latency_sec": 18.696029999999993,
        "p99_latency_sec": 22.660228999999998,
        "throughput_qps": 0.13077868506217089,
        "success_rate": 1.0,
        "error_rate": 0.0
      },
      "model_key": "qwen2.5_3b",
      "display_name": "qwen2.5:3b"
    },
    "qwen2.5_7b": {
      "sample_count": 174,
      "capability": {
        "score": 0.764367816091954,
        "semantic_risk": 0.07127873563218395,
        "primary_metric_score_name": "field_match",
        "valid_output_rate": 1.0,
        "per_bin": {
          "0": {
            "sample_count": 10,
            "capability": 0.8,
            "semantic_risk": 0.06050000000000001,
            "avg_latency_sec": 10.71756,
            "valid_output_rate": 1.0
          },
          "1": {
            "sample_count": 14,
            "capability": 0.7142857142857143,
            "semantic_risk": 0.08642857142857144,
            "avg_latency_sec": 10.927692857142858,
            "valid_output_rate": 1.0
          },
          "2": {
            "sample_count": 16,
            "capability": 0.8125,
            "semantic_risk": 0.05671875000000001,
            "avg_latency_sec": 10.78034375,
            "valid_output_rate": 1.0
          },
          "3": {
            "sample_count": 12,
            "capability": 0.9166666666666666,
            "semantic_risk": 0.025208333333333336,
            "avg_latency_sec": 11.136899999999999,
            "valid_output_rate": 1.0
          },
          "4": {
            "sample_count": 122,
            "capability": 0.7459016393442623,
            "semantic_risk": 0.0768647540983607,
            "avg_latency_sec": 11.101554098360655,
            "valid_output_rate": 1.0
          }
        }
      },
      "operational": {
        "avg_latency_sec": 11.03839770114943,
        "p50_latency_sec": 10.23255,
        "p95_latency_sec": 17.327199999999994,
        "p99_latency_sec": 20.754381000000002,
        "throughput_qps": 0.09059285840877701,
        "success_rate": 1.0,
        "error_rate": 0.0
      },
      "model_key": "qwen2.5_7b",
      "display_name": "qwen2.5:7b"
    },
    "llama_llama-3.3-70b-versatile": {
      "sample_count": 174,
      "capability": {
        "score": 0.7816091954022989,
        "semantic_risk": 0.06606321839080463,
        "primary_metric_score_name": "field_match",
        "valid_output_rate": 1.0,
        "per_bin": {
          "0": {
            "sample_count": 10,
            "capability": 0.8,
            "semantic_risk": 0.06050000000000001,
            "avg_latency_sec": 0.29175,
            "valid_output_rate": 1.0
          },
          "1": {
            "sample_count": 14,
            "capability": 0.7857142857142857,
            "semantic_risk": 0.06482142857142859,
            "avg_latency_sec": 0.2736928571428571,
            "valid_output_rate": 1.0
          },
          "2": {
            "sample_count": 16,
            "capability": 0.875,
            "semantic_risk": 0.037812500000000006,
            "avg_latency_sec": 0.35806249999999995,
            "valid_output_rate": 1.0
          },
          "3": {
            "sample_count": 12,
            "capability": 0.9166666666666666,
            "semantic_risk": 0.025208333333333336,
            "avg_latency_sec": 0.4259583333333334,
            "valid_output_rate": 1.0
          },
          "4": {
            "sample_count": 122,
            "capability": 0.7540983606557377,
            "semantic_risk": 0.07438524590163938,
            "avg_latency_sec": 0.42325491803278686,
            "valid_output_rate": 1.0
          }
        }
      },
      "operational": {
        "avg_latency_sec": 0.39785517241379315,
        "p50_latency_sec": 0.37485,
        "p95_latency_sec": 0.608685,
        "p99_latency_sec": 1.6377110000000006,
        "throughput_qps": 2.5134774393731902,
        "success_rate": 1.0,
        "error_rate": 0.0
      },
      "model_key": "llama_llama-3.3-70b-versatile",
      "display_name": "groq:llama-3.3-70b-versatile"
    }
  }
}