bin,n_samples,success_rate,avg_latency,validity_rate
0,30,0.16666666666666666,17.219039034843444,0.16666666666666666
1,28,0.14285714285714285,17.384321979113988,0.14285714285714285
2,15,0.26666666666666666,16.31073039372762,0.26666666666666666
3,2,0.0,15.164263725280762,0.0
