bin,n_samples,success_rate,avg_latency,validity_rate
0,15,0.9333333333333333,5.288266785939535,0.9333333333333333
1,15,1.0,5.948471546173096,1.0
2,15,0.9333333333333333,5.283293342590332,0.9333333333333333
3,15,1.0,4.729075892766317,1.0
4,15,1.0,5.45139741897583,1.0
