bin,n_samples,success_rate,avg_latency,validity_rate
0,15,1.0,6.467963409423828,1.0
1,15,1.0,6.215691343943278,1.0
2,15,0.9333333333333333,4.796731932957967,0.9333333333333333
3,15,0.9333333333333333,3.1217277526855467,0.9333333333333333
4,15,1.0,3.2965705235799154,1.0
