bin,n_samples,success_rate,avg_latency,validity_rate
0,15,0.5333333333333333,3.2997518380482993,0.5333333333333333
1,15,0.5333333333333333,3.441639614105225,0.5333333333333333
2,15,0.6,3.332503080368042,0.6
3,15,0.5333333333333333,3.3827349821726482,0.5333333333333333
4,15,0.5333333333333333,3.417021306355794,0.5333333333333333
