{
    "metadata": {
        "model": "phi3:mini",
        "workers": 1,
        "profile": "fast15",
        "input_file": null,
        "dataset_name": null,
        "test_mode": true,
        "seed": 42
    },
    "operational": [
        {
            "dataset": "SST-2",
            "total_samples": 2,
            "total_time": 11.04392147064209,
            "throughput": 0.18109509428481302,
            "latency_mean": 5.519957423210144,
            "latency_p95": 9.00305677652359,
            "cpu_util_avg": 46.8,
            "mem_usage_delta_mb": 1143.2265625,
            "parse_failure_rate": 0.0
        },
        {
            "dataset": "Emotion",
            "total_samples": 6,
            "total_time": 7.989246368408203,
            "throughput": 0.751009509948991,
            "latency_mean": 1.3300199111302693,
            "latency_p95": 2.108887255191803,
            "cpu_util_avg": 67.2,
            "mem_usage_delta_mb": 602.6796875,
            "parse_failure_rate": 0.0
        },
        {
            "dataset": "AG News",
            "total_samples": 4,
            "total_time": 9.985789060592651,
            "throughput": 0.4005692465290872,
            "latency_mean": 2.4949329495429993,
            "latency_p95": 3.2489308238029477,
            "cpu_util_avg": 91.85,
            "mem_usage_delta_mb": -838.12109375,
            "parse_failure_rate": 0.0
        }
    ],
    "capability": {
        "SST-2": {
            "accuracy": 1.0,
            "macro_f1": 1.0,
            "weighted_f1": 1.0,
            "precision": 1.0,
            "recall": 1.0,
            "validity_rate": 1.0
        },
        "Emotion": {
            "accuracy": 0.6666666666666666,
            "macro_f1": 0.5555555555555555,
            "weighted_f1": 0.5555555555555555,
            "precision": 0.5,
            "recall": 0.6666666666666666,
            "validity_rate": 1.0
        },
        "AG News": {
            "accuracy": 0.75,
            "macro_f1": 0.6666666666666666,
            "weighted_f1": 0.6666666666666666,
            "precision": 0.625,
            "recall": 0.75,
            "validity_rate": 1.0
        }
    }
}