{
    "operational": [
        {
            "dataset": "SST-2",
            "total_samples": 6,
            "total_time": 4.197661399841309,
            "throughput": 1.4293673139588696,
            "latency_mean": 0.6980806986490885,
            "latency_p95": 0.778836727142334,
            "cpu_util_avg": 84.80000000000001,
            "mem_usage_delta_mb": 183.02734375,
            "parse_failure_rate": 0.0
        },
        {
            "dataset": "Emotion",
            "total_samples": 6,
            "total_time": 3.928736448287964,
            "throughput": 1.5272085768478147,
            "latency_mean": 0.6538716952006022,
            "latency_p95": 0.9833132028579712,
            "cpu_util_avg": 86.7,
            "mem_usage_delta_mb": -43.875,
            "parse_failure_rate": 0.0
        },
        {
            "dataset": "AG News",
            "total_samples": 4,
            "total_time": 4.507024765014648,
            "throughput": 0.8875034437462204,
            "latency_mean": 1.1254479885101318,
            "latency_p95": 1.4335705041885374,
            "cpu_util_avg": 99.3,
            "mem_usage_delta_mb": 341.3984375,
            "parse_failure_rate": 0.0
        }
    ],
    "capability": {
        "SST-2": {
            "accuracy": 1.0,
            "macro_f1": 1.0,
            "weighted_f1": 1.0,
            "precision": 1.0,
            "recall": 1.0,
            "validity_rate": 1.0
        },
        "Emotion": {
            "accuracy": 0.16666666666666666,
            "macro_f1": 0.05555555555555555,
            "weighted_f1": 0.05555555555555555,
            "precision": 0.03333333333333333,
            "recall": 0.16666666666666666,
            "validity_rate": 1.0
        },
        "AG News": {
            "accuracy": 0.75,
            "macro_f1": 0.6666666666666666,
            "weighted_f1": 0.6666666666666666,
            "precision": 0.625,
            "recall": 0.75,
            "validity_rate": 1.0
        }
    }
}