{
    "operational": [
        {
            "dataset": "SST-2",
            "total_samples": 6,
            "total_time": 11.137982368469238,
            "throughput": 0.5386972075827247,
            "latency_mean": 1.854586164156596,
            "latency_p95": 4.632988154888153,
            "cpu_util_avg": 89.0,
            "mem_usage_delta_mb": -277.22265625,
            "parse_failure_rate": 0.0
        },
        {
            "dataset": "Emotion",
            "total_samples": 6,
            "total_time": 6.117271184921265,
            "throughput": 0.9808294938419059,
            "latency_mean": 1.0177751779556274,
            "latency_p95": 1.4901826977729797,
            "cpu_util_avg": 90.55,
            "mem_usage_delta_mb": 5.7109375,
            "parse_failure_rate": 0.16666666666666666
        },
        {
            "dataset": "AG News",
            "total_samples": 4,
            "total_time": 6.182819366455078,
            "throughput": 0.6469540452211855,
            "latency_mean": 1.5441903471946716,
            "latency_p95": 1.9640608906745909,
            "cpu_util_avg": 85.5,
            "mem_usage_delta_mb": -81.59765625,
            "parse_failure_rate": 0.0
        }
    ],
    "capability": {
        "SST-2": {
            "accuracy": 1.0,
            "macro_f1": 1.0,
            "weighted_f1": 1.0,
            "precision": 1.0,
            "recall": 1.0,
            "validity_rate": 1.0
        },
        "Emotion": {
            "accuracy": 0.6666666666666666,
            "macro_f1": 0.5238095238095238,
            "weighted_f1": 0.611111111111111,
            "precision": 0.5,
            "recall": 0.5714285714285714,
            "validity_rate": 0.8333333333333334
        },
        "AG News": {
            "accuracy": 0.75,
            "macro_f1": 0.6666666666666666,
            "weighted_f1": 0.6666666666666666,
            "precision": 0.625,
            "recall": 0.75,
            "validity_rate": 1.0
        }
    }
}