{
    "metadata": {
        "model": "gemini-3.1-flash-lite-preview",
        "workers": 1,
        "profile": "fast15",
        "input_file": null,
        "dataset_name": null,
        "test_mode": true,
        "seed": 42
    },
    "operational": [
        {
            "dataset": "SST-2",
            "total_samples": 2,
            "total_time": 1.9357528686523438,
            "throughput": 1.0331897384155162,
            "latency_mean": 0.9611918926239014,
            "latency_p95": 1.078889799118042,
            "cpu_util_avg": 22.15,
            "mem_usage_delta_mb": 113.875,
            "parse_failure_rate": 0.0
        },
        {
            "dataset": "Emotion",
            "total_samples": 6,
            "total_time": 5.0019450187683105,
            "throughput": 1.1995333770136987,
            "latency_mean": 0.8315191268920898,
            "latency_p95": 1.2701247334480286,
            "cpu_util_avg": 25.8,
            "mem_usage_delta_mb": -25.50390625,
            "parse_failure_rate": 0.0
        },
        {
            "dataset": "AG News",
            "total_samples": 4,
            "total_time": 3.868556261062622,
            "throughput": 1.0339774660279266,
            "latency_mean": 0.9668635129928589,
            "latency_p95": 1.342999243736267,
            "cpu_util_avg": 8.6,
            "mem_usage_delta_mb": 67.671875,
            "parse_failure_rate": 0.0
        }
    ],
    "capability": {
        "SST-2": {
            "accuracy": 1.0,
            "macro_f1": 1.0,
            "weighted_f1": 1.0,
            "precision": 1.0,
            "recall": 1.0,
            "validity_rate": 1.0
        },
        "Emotion": {
            "accuracy": 0.8333333333333334,
            "macro_f1": 0.7777777777777778,
            "weighted_f1": 0.7777777777777778,
            "precision": 0.75,
            "recall": 0.8333333333333334,
            "validity_rate": 1.0
        },
        "AG News": {
            "accuracy": 1.0,
            "macro_f1": 1.0,
            "weighted_f1": 1.0,
            "precision": 1.0,
            "recall": 1.0,
            "validity_rate": 1.0
        }
    }
}