{
    "metadata": {
        "model": "hf_api:meta-llama/Llama-3.2-1B-Instruct",
        "workers": 1,
        "profile": "fast15",
        "input_file": null,
        "dataset_name": null,
        "test_mode": false,
        "seed": 42
    },
    "operational": [
        {
            "dataset": "SST-2",
            "total_samples": 6,
            "total_time": 4.29948091506958,
            "throughput": 1.395517300465305,
            "latency_mean": 0.7130339543024699,
            "latency_p95": 0.8792845010757446,
            "cpu_util_avg": 12.7,
            "mem_usage_delta_mb": 9.828125,
            "parse_failure_rate": 0.0
        },
        {
            "dataset": "Emotion",
            "total_samples": 6,
            "total_time": 4.082305192947388,
            "throughput": 1.4697578246637788,
            "latency_mean": 0.6783379316329956,
            "latency_p95": 0.7341393232345581,
            "cpu_util_avg": 8.2,
            "mem_usage_delta_mb": -10.796875,
            "parse_failure_rate": 0.16666666666666666
        },
        {
            "dataset": "AG News",
            "total_samples": 4,
            "total_time": 2.815805435180664,
            "throughput": 1.4205526951628167,
            "latency_mean": 0.7024487853050232,
            "latency_p95": 0.7305525541305542,
            "cpu_util_avg": 14.0,
            "mem_usage_delta_mb": 1.8828125,
            "parse_failure_rate": 0.0
        }
    ],
    "capability": {
        "SST-2": {
            "accuracy": 0.6666666666666666,
            "macro_f1": 0.625,
            "weighted_f1": 0.625,
            "precision": 0.8,
            "recall": 0.6666666666666666,
            "validity_rate": 1.0
        },
        "Emotion": {
            "accuracy": 0.16666666666666666,
            "macro_f1": 0.05714285714285715,
            "weighted_f1": 0.06666666666666667,
            "precision": 0.03571428571428571,
            "recall": 0.14285714285714285,
            "validity_rate": 0.8333333333333334
        },
        "AG News": {
            "accuracy": 0.75,
            "macro_f1": 0.6666666666666666,
            "weighted_f1": 0.6666666666666666,
            "precision": 0.625,
            "recall": 0.75,
            "validity_rate": 1.0
        }
    }
}