bin,n_samples,success_rate,avg_latency,validity_rate
0,15,1.0,9.191156180699666,1.0
1,15,1.0,8.858036788304647,1.0
2,15,1.0,8.84412407875061,1.0
3,15,1.0,9.80749158859253,1.0
4,15,1.0,9.146155103047688,1.0
