bin,n_samples,success_rate,avg_latency,validity_rate
0,15,1.0,2.235504484176636,1.0
1,15,1.0,1.910290575027466,1.0
2,15,1.0,2.001841894785563,1.0
3,13,0.9230769230769231,12.60529035788316,0.9230769230769231
