bin,n_samples,success_rate,avg_latency,validity_rate
0,15,0.0,1.7045097668965659,0.0
1,15,0.0,1.7188700993855794,0.0
2,15,0.0,3.127224493026733,0.0
3,15,0.0,3.590352980295817,0.0
4,15,0.0,3.3229982058207193,0.0
