{
  "task": "summarization",
  "model": "qwen2.5_3b",
  "seed": 42,
  "features": [
    "source_token_count",
    "query_token_count",
    "compression_ratio_proxy",
    "summary_instruction_density",
    "entity_density",
    "discourse_marker_density",
    "flesch_kincaid_grade",
    "gunning_fog",
    "bm25_query_context_max",
    "embedding_query_context_cosine"
  ],
  "feature_selection": {
    "initial_count": 10,
    "final_count": 10,
    "dropped": {
      "null_or_nonfinite": [],
      "low_variance": [],
      "high_correlation": []
    }
  },
  "tau": 0.6,
  "class_weight": "balanced",
  "scaler_mean": [
    197.94,
    17.28,
    0.11378827677793216,
    0.11192176342176344,
    0.1365127735701446,
    0.0005435431644616046,
    10.222631058642907,
    12.695322751216676,
    4.488569455774405,
    0.36633618677655855
  ],
  "scaler_scale": [
    58.06458817558254,
    11.188756260937437,
    0.12424502561825405,
    0.042412247542225064,
    0.05033549474699213,
    0.0017672230298398305,
    1.7438438988787532,
    2.142234187424688,
    4.0250466768064905,
    0.177409652247016
  ],
  "weights": [
    -0.5031477141397588,
    0.27165367159700515,
    0.34194519852548344,
    -0.5226724221026495,
    -0.3842132024439756,
    0.1528642656245068,
    -0.12517998937784816,
    -0.08045369030666315,
    -0.18555137469391908,
    -0.2447383306489766
  ],
  "bias": -0.07786710560732808,
  "metrics": {
    "train": {
      "n": 150.0,
      "positive_rate": 0.3,
      "avg_pred_fail_prob": 0.47980694752070824,
      "f1": 0.4358974358974359,
      "accuracy": 0.7066666666666667,
      "roc_auc": 0.6835978835978835,
      "pr_auc": 0.521491321843021,
      "brier": 0.22164730892653486,
      "ece_10bin": 0.18098062931041226
    },
    "val": {
      "n": 44.0,
      "positive_rate": 0.18181818181818182,
      "avg_pred_fail_prob": 0.516544735370642,
      "f1": 0.3157894736842105,
      "accuracy": 0.7045454545454546,
      "roc_auc": 0.4513888888888889,
      "pr_auc": 0.1934852499558382,
      "brier": 0.30116517459332487,
      "ece_10bin": 0.3508534188769361
    },
    "test": {
      "n": 56.0,
      "positive_rate": 0.25,
      "avg_pred_fail_prob": 0.49010014966664134,
      "f1": 0.2608695652173913,
      "accuracy": 0.6964285714285714,
      "roc_auc": 0.5357142857142857,
      "pr_auc": 0.3053196612691221,
      "brier": 0.2580122987171559,
      "ece_10bin": 0.24215585277245627
    }
  }
}