{
  "task": "summarization",
  "model": "qwen2.5_0.5b",
  "seed": 42,
  "features": [
    "source_token_count",
    "query_token_count",
    "compression_ratio_proxy",
    "summary_instruction_density",
    "entity_density",
    "discourse_marker_density",
    "flesch_kincaid_grade",
    "gunning_fog",
    "bm25_query_context_max",
    "embedding_query_context_cosine"
  ],
  "feature_selection": {
    "initial_count": 10,
    "final_count": 10,
    "dropped": {
      "null_or_nonfinite": [],
      "low_variance": [],
      "high_correlation": []
    }
  },
  "tau": 0.7999999999999999,
  "class_weight": "balanced",
  "scaler_mean": [
    197.94,
    17.28,
    0.11378827677793216,
    0.11192176342176344,
    0.1365127735701446,
    0.0005435431644616046,
    10.222631058642907,
    12.695322751216676,
    4.488569455774405,
    0.36633618677655855
  ],
  "scaler_scale": [
    58.06458817558254,
    11.188756260937437,
    0.12424502561825405,
    0.042412247542225064,
    0.05033549474699213,
    0.0017672230298398305,
    1.7438438988787532,
    2.142234187424688,
    4.0250466768064905,
    0.177409652247016
  ],
  "weights": [
    -0.2811392061650845,
    0.13119649989043902,
    0.48053006937827386,
    -0.24860131259196283,
    -0.16313437972175424,
    0.22825746384654527,
    -1.1005859885573481,
    0.7981684561404352,
    -0.26211834439659376,
    -0.44097522661343946
  ],
  "bias": -0.09180275154698092,
  "metrics": {
    "train": {
      "n": 150.0,
      "positive_rate": 0.32666666666666666,
      "avg_pred_fail_prob": 0.47642968892468407,
      "f1": 0.18181818181818182,
      "accuracy": 0.7,
      "roc_auc": 0.7264093756314406,
      "pr_auc": 0.5952508644574823,
      "brier": 0.21075940430045037,
      "ece_10bin": 0.15197571086452658
    },
    "val": {
      "n": 44.0,
      "positive_rate": 0.2727272727272727,
      "avg_pred_fail_prob": 0.5292304127375952,
      "f1": 0.47058823529411764,
      "accuracy": 0.7954545454545454,
      "roc_auc": 0.5494791666666666,
      "pr_auc": 0.5090826056899471,
      "brier": 0.27850445867216417,
      "ece_10bin": 0.30070286347294034
    },
    "test": {
      "n": 56.0,
      "positive_rate": 0.35714285714285715,
      "avg_pred_fail_prob": 0.49576538574258183,
      "f1": 0.17391304347826086,
      "accuracy": 0.6607142857142857,
      "roc_auc": 0.7013888888888888,
      "pr_auc": 0.6072347520891022,
      "brier": 0.2217445425960523,
      "ece_10bin": 0.13950956700921507
    }
  }
}