{
  "task": "summarization",
  "model": "qwen2.5_7b",
  "seed": 42,
  "features": [
    "source_token_count",
    "query_token_count",
    "compression_ratio_proxy",
    "summary_instruction_density",
    "entity_density",
    "discourse_marker_density",
    "flesch_kincaid_grade",
    "gunning_fog",
    "bm25_query_context_max",
    "embedding_query_context_cosine"
  ],
  "feature_selection": {
    "initial_count": 10,
    "final_count": 10,
    "dropped": {
      "null_or_nonfinite": [],
      "low_variance": [],
      "high_correlation": []
    }
  },
  "tau": 0.2,
  "class_weight": "balanced",
  "scaler_mean": [
    197.94,
    17.28,
    0.11378827677793216,
    0.11192176342176344,
    0.1365127735701446,
    0.0005435431644616046,
    10.222631058642907,
    12.695322751216676,
    4.488569455774405,
    0.36633618677655855
  ],
  "scaler_scale": [
    58.06458817558254,
    11.188756260937437,
    0.12424502561825405,
    0.042412247542225064,
    0.05033549474699213,
    0.0017672230298398305,
    1.7438438988787532,
    2.142234187424688,
    4.0250466768064905,
    0.177409652247016
  ],
  "weights": [
    -0.33075979607527634,
    -0.10880709844793156,
    0.5476320509891016,
    -0.24408131266688354,
    -0.7999785193167298,
    0.013675254538311433,
    -0.40599666119703154,
    0.19552979255600392,
    -0.30503234852298233,
    -0.4053879073795152
  ],
  "bias": -0.22257952691346036,
  "metrics": {
    "train": {
      "n": 150.0,
      "positive_rate": 0.28,
      "avg_pred_fail_prob": 0.45772081882963706,
      "f1": 0.45977011494252873,
      "accuracy": 0.37333333333333335,
      "roc_auc": 0.7601410934744268,
      "pr_auc": 0.6346072961498306,
      "brier": 0.197818831239025,
      "ece_10bin": 0.1809430401414528
    },
    "val": {
      "n": 44.0,
      "positive_rate": 0.29545454545454547,
      "avg_pred_fail_prob": 0.4823162141675915,
      "f1": 0.5,
      "accuracy": 0.4090909090909091,
      "roc_auc": 0.5831265508684864,
      "pr_auc": 0.47062462803842114,
      "brier": 0.2624517563968061,
      "ece_10bin": 0.2695526488713397
    },
    "test": {
      "n": 56.0,
      "positive_rate": 0.30357142857142855,
      "avg_pred_fail_prob": 0.5027933509173622,
      "f1": 0.47058823529411764,
      "accuracy": 0.35714285714285715,
      "roc_auc": 0.5761689291101055,
      "pr_auc": 0.3386043297009067,
      "brier": 0.26795461595166836,
      "ece_10bin": 0.25072729972078933
    }
  }
}