{
  "task": "classification",
  "model": "llama_llama-3.3-70b-versatile",
  "features": [
    "negation_count",
    "clause_count",
    "readability_fk",
    "entity_density",
    "avg_sentence_length"
  ],
  "tau": 0.39999999999999997,
  "class_weight": "balanced",
  "scaler_mean": [
    0.15333333333333332,
    2.28,
    9.193944944283324,
    0.14588895448048714,
    12.856962962962964
  ],
  "scaler_scale": [
    0.37835902996433896,
    1.6293966163378804,
    2.0858548853714547,
    0.08196847386099226,
    4.025343539599692
  ],
  "weights": [
    -0.3261951726037246,
    -0.12720747074718128,
    -0.045107929664791234,
    0.9399050411820848,
    0.38016855891261403
  ],
  "bias": -0.12572612845954023,
  "metrics": {
    "train": {
      "n": 150.0,
      "positive_rate": 0.3466666666666667,
      "avg_pred_fail_prob": 0.46121077131758115,
      "f1": 0.6915887850467289,
      "accuracy": 0.78
    },
    "val": {
      "n": 53.0,
      "positive_rate": 0.37735849056603776,
      "avg_pred_fail_prob": 0.47024194184747764,
      "f1": 0.6046511627906976,
      "accuracy": 0.6792452830188679
    },
    "test": {
      "n": 42.0,
      "positive_rate": 0.47619047619047616,
      "avg_pred_fail_prob": 0.4454847902630408,
      "f1": 0.8571428571428571,
      "accuracy": 0.8809523809523809
    }
  }
}