{
  "task": "instruction_following",
  "model": "qwen2.5_0.5b",
  "features": [
    "token_count",
    "sentence_count",
    "avg_sentence_length",
    "imperative_root_ratio",
    "modal_verb_ratio",
    "format_keyword_density",
    "constraint_keyword_density",
    "list_marker_density",
    "step_marker_density",
    "flesch_kincaid_grade",
    "embedding_query_context_cosine"
  ],
  "tau": 0.39999999999999997,
  "class_weight": "balanced",
  "scaler_mean": [
    42.9041095890411,
    2.863013698630137,
    15.970547945205478,
    0.8182648401826484,
    0.023506142677353698,
    0.018644733015103845,
    0.03292676898038687,
    0.043835616438356165,
    0.05185909980430528,
    6.9030938157485195,
    0.21168677756333187
  ],
  "scaler_scale": [
    17.390490539184615,
    1.1972007132296376,
    5.4551129581530775,
    0.26180884052467945,
    0.025415559865501196,
    0.04207016269660541,
    0.026381255786522773,
    0.17919800297939756,
    0.15852235360062725,
    2.4978730676664895,
    0.15311807687042545
  ],
  "weights": [
    -0.4166526215501978,
    -0.19882571738481325,
    -0.0428752956794457,
    0.13839540625153116,
    0.16710280747163583,
    -0.6119864872271444,
    0.27621857879919526,
    0.4601059998248896,
    -0.19569278750672317,
    -0.4020924297938026,
    0.08969600792342566
  ],
  "bias": -0.09431728439164848,
  "metrics": {
    "train": {
      "n": 146.0,
      "positive_rate": 0.3972602739726027,
      "avg_pred_fail_prob": 0.4844119262837739,
      "f1": 0.631578947368421,
      "accuracy": 0.6164383561643836
    },
    "val": {
      "n": 50.0,
      "positive_rate": 0.4,
      "avg_pred_fail_prob": 0.46422603383314004,
      "f1": 0.6153846153846154,
      "accuracy": 0.6
    },
    "test": {
      "n": 54.0,
      "positive_rate": 0.42592592592592593,
      "avg_pred_fail_prob": 0.4255192549340582,
      "f1": 0.6545454545454545,
      "accuracy": 0.6481481481481481
    }
  }
}