{
  "task": "instruction_following",
  "model": "qwen2.5_7b",
  "features": [
    "token_count",
    "sentence_count",
    "avg_sentence_length",
    "imperative_root_ratio",
    "modal_verb_ratio",
    "format_keyword_density",
    "constraint_keyword_density",
    "list_marker_density",
    "step_marker_density",
    "flesch_kincaid_grade",
    "embedding_query_context_cosine"
  ],
  "tau": 0.3,
  "class_weight": "balanced",
  "scaler_mean": [
    42.9041095890411,
    2.863013698630137,
    15.970547945205478,
    0.8182648401826484,
    0.023506142677353698,
    0.018644733015103845,
    0.03292676898038687,
    0.043835616438356165,
    0.05185909980430528,
    6.9030938157485195,
    0.21168677756333187
  ],
  "scaler_scale": [
    17.390490539184615,
    1.1972007132296376,
    5.4551129581530775,
    0.26180884052467945,
    0.025415559865501196,
    0.04207016269660541,
    0.026381255786522773,
    0.17919800297939756,
    0.15852235360062725,
    2.4978730676664895,
    0.15311807687042545
  ],
  "weights": [
    0.14158573455583479,
    -0.4279662802402528,
    0.266357896371809,
    0.12952925638032234,
    0.27293157131389184,
    -0.25949785343636084,
    0.2567754986466489,
    -0.07336391653731003,
    -0.09088122012966444,
    -0.07347411126426764,
    -0.25922067388744763
  ],
  "bias": -0.14929190734804024,
  "metrics": {
    "train": {
      "n": 146.0,
      "positive_rate": 0.2328767123287671,
      "avg_pred_fail_prob": 0.46817221537309656,
      "f1": 0.4370860927152318,
      "accuracy": 0.4178082191780822
    },
    "val": {
      "n": 50.0,
      "positive_rate": 0.22,
      "avg_pred_fail_prob": 0.47973091246727634,
      "f1": 0.37735849056603776,
      "accuracy": 0.34
    },
    "test": {
      "n": 54.0,
      "positive_rate": 0.2037037037037037,
      "avg_pred_fail_prob": 0.4211520260183956,
      "f1": 0.34615384615384615,
      "accuracy": 0.37037037037037035
    }
  }
}