{
  "task": "classification",
  "model": "qwen2.5_3b",
  "features": [
    "negation_count",
    "clause_count",
    "readability_fk",
    "entity_density",
    "avg_sentence_length"
  ],
  "tau": 0.49999999999999994,
  "class_weight": "balanced",
  "scaler_mean": [
    0.15333333333333332,
    2.28,
    9.193944944283324,
    0.14588895448048714,
    12.856962962962964
  ],
  "scaler_scale": [
    0.37835902996433896,
    1.6293966163378804,
    2.0858548853714547,
    0.08196847386099226,
    4.025343539599692
  ],
  "weights": [
    -0.27678751144867547,
    -0.026801959478582583,
    0.2463799212338669,
    0.8927922950072927,
    0.4258325746930341
  ],
  "bias": -0.050053427980223046,
  "metrics": {
    "train": {
      "n": 150.0,
      "positive_rate": 0.4066666666666667,
      "avg_pred_fail_prob": 0.47223869778777916,
      "f1": 0.7478260869565218,
      "accuracy": 0.8066666666666666
    },
    "val": {
      "n": 53.0,
      "positive_rate": 0.4528301886792453,
      "avg_pred_fail_prob": 0.49357508615489776,
      "f1": 0.782608695652174,
      "accuracy": 0.8113207547169812
    },
    "test": {
      "n": 42.0,
      "positive_rate": 0.38095238095238093,
      "avg_pred_fail_prob": 0.44568592508626625,
      "f1": 0.8666666666666667,
      "accuracy": 0.9047619047619048
    }
  }
}