{
  "task": "classification",
  "model": "qwen2.5_0.5b",
  "features": [
    "negation_count",
    "clause_count",
    "readability_fk",
    "entity_density",
    "avg_sentence_length"
  ],
  "tau": 0.25,
  "class_weight": "balanced",
  "scaler_mean": [
    0.15333333333333332,
    2.28,
    9.193944944283324,
    0.14588895448048714,
    12.856962962962964
  ],
  "scaler_scale": [
    0.37835902996433896,
    1.6293966163378804,
    2.0858548853714547,
    0.08196847386099226,
    4.025343539599692
  ],
  "weights": [
    0.02059863370658021,
    0.33009964955704757,
    0.0894971364538212,
    1.6599065300255542,
    0.7361478923703548
  ],
  "bias": 0.6931578052972036,
  "metrics": {
    "train": {
      "n": 150.0,
      "positive_rate": 0.6133333333333333,
      "avg_pred_fail_prob": 0.5409933139384915,
      "f1": 0.7857142857142857,
      "accuracy": 0.68
    },
    "val": {
      "n": 53.0,
      "positive_rate": 0.6415094339622641,
      "avg_pred_fail_prob": 0.5899308012191822,
      "f1": 0.8395061728395061,
      "accuracy": 0.7547169811320755
    },
    "test": {
      "n": 42.0,
      "positive_rate": 0.6190476190476191,
      "avg_pred_fail_prob": 0.5159010476282596,
      "f1": 0.7301587301587301,
      "accuracy": 0.5952380952380952
    }
  }
}