{
  "task": "classification",
  "model": "qwen2.5_7b",
  "features": [
    "negation_count",
    "clause_count",
    "readability_fk",
    "entity_density",
    "avg_sentence_length"
  ],
  "tau": 0.05,
  "class_weight": "balanced",
  "scaler_mean": [
    0.15333333333333332,
    2.28,
    9.193944944283324,
    0.14588895448048714,
    12.856962962962964
  ],
  "scaler_scale": [
    0.37835902996433896,
    1.6293966163378804,
    2.0858548853714547,
    0.08196847386099226,
    4.025343539599692
  ],
  "weights": [
    -0.08313500088793288,
    -0.07082440421815282,
    0.08920090773209763,
    0.2651542542413879,
    0.4054031103670737
  ],
  "bias": -0.0008330588079610443,
  "metrics": {
    "train": {
      "n": 150.0,
      "positive_rate": 0.47333333333333333,
      "avg_pred_fail_prob": 0.4977251929357658,
      "f1": 0.6425339366515838,
      "accuracy": 0.47333333333333333
    },
    "val": {
      "n": 53.0,
      "positive_rate": 0.6037735849056604,
      "avg_pred_fail_prob": 0.5218985234824962,
      "f1": 0.7529411764705882,
      "accuracy": 0.6037735849056604
    },
    "test": {
      "n": 42.0,
      "positive_rate": 0.6190476190476191,
      "avg_pred_fail_prob": 0.47707225434254524,
      "f1": 0.7647058823529411,
      "accuracy": 0.6190476190476191
    }
  }
}