{
    "operational": [
        {
            "dataset": "SST-2",
            "total_samples": 40,
            "total_time": 224.05173993110657,
            "throughput": 0.17853019134017686,
            "latency_mean": 16.391710937023163,
            "latency_p95": 131.31857104301451,
            "cpu_util_avg": 53.099999999999994,
            "mem_usage_delta_mb": 1629.35546875,
            "parse_failure_rate": 0.175
        },
        {
            "dataset": "Emotion",
            "total_samples": 60,
            "total_time": 641.4108371734619,
            "throughput": 0.09354378897682035,
            "latency_mean": 31.975462714831036,
            "latency_p95": 167.79689917564363,
            "cpu_util_avg": 81.94999999999999,
            "mem_usage_delta_mb": -850.82421875,
            "parse_failure_rate": 0.4166666666666667
        },
        {
            "dataset": "AG News",
            "total_samples": 40,
            "total_time": 284.82849049568176,
            "throughput": 0.14043538948785894,
            "latency_mean": 21.100245255231858,
            "latency_p95": 40.49666467905045,
            "cpu_util_avg": 71.5,
            "mem_usage_delta_mb": 281.515625,
            "parse_failure_rate": 0.3
        },
        {
            "dataset": "BANKING77",
            "total_samples": 77,
            "total_time": 1031.3451154232025,
            "throughput": 0.07465978056084921,
            "latency_mean": 39.84959406976576,
            "latency_p95": 62.55226550102234,
            "cpu_util_avg": 77.25,
            "mem_usage_delta_mb": 608.83984375,
            "parse_failure_rate": 0.09090909090909091
        }
    ],
    "capability": {
        "SST-2": {
            "accuracy": 0.75,
            "macro_f1": 0.5473684210526316,
            "weighted_f1": 0.8210526315789473,
            "precision": 0.6074074074074074,
            "recall": 0.5,
            "validity_rate": 0.825
        },
        "Emotion": {
            "accuracy": 0.3333333333333333,
            "macro_f1": 0.33857824066081277,
            "weighted_f1": 0.39500794743761497,
            "precision": 0.5013082155939299,
            "recall": 0.2857142857142857,
            "validity_rate": 0.5833333333333334
        },
        "AG News": {
            "accuracy": 0.425,
            "macro_f1": 0.3937294215931987,
            "weighted_f1": 0.4921617769914984,
            "precision": 0.49404761904761896,
            "recall": 0.33999999999999997,
            "validity_rate": 0.7
        },
        "BANKING77": {
            "accuracy": 0.42857142857142855,
            "macro_f1": 0.3515262515262515,
            "weighted_f1": 0.3560915275200989,
            "precision": 0.3247863247863248,
            "recall": 0.4230769230769231,
            "validity_rate": 0.9090909090909091
        }
    }
}