{
    "operational": [
        {
            "dataset": "SST-2",
            "total_samples": 20,
            "total_time": 455.0840792655945,
            "throughput": 0.043947922837194384,
            "latency_mean": 22.752780401706694,
            "latency_p95": 41.75989302396787,
            "cpu_util_avg": 78.30000000000001,
            "mem_usage_delta_mb": -271.83203125,
            "parse_failure_rate": 0.1
        },
        {
            "dataset": "Emotion",
            "total_samples": 36,
            "total_time": 1304.9917426109314,
            "throughput": 0.027586381449413503,
            "latency_mean": 36.247361070579956,
            "latency_p95": 65.4379478096962,
            "cpu_util_avg": 62.85,
            "mem_usage_delta_mb": 1259.6328125,
            "parse_failure_rate": 0.3611111111111111
        },
        {
            "dataset": "AG News",
            "total_samples": 32,
            "total_time": 210.50269031524658,
            "throughput": 0.15201705950682692,
            "latency_mean": 6.57585346698761,
            "latency_p95": 22.676279008388516,
            "cpu_util_avg": 96.15,
            "mem_usage_delta_mb": -1485.05078125,
            "parse_failure_rate": 0.1875
        },
        {
            "dataset": "BANKING77",
            "total_samples": 77,
            "total_time": 161.22321796417236,
            "throughput": 0.4775987042828486,
            "latency_mean": 2.0928818033887193,
            "latency_p95": 2.7323030471801775,
            "cpu_util_avg": 68.15,
            "mem_usage_delta_mb": 923.25390625,
            "parse_failure_rate": 0.09090909090909091
        }
    ],
    "capability": {
        "SST-2": {
            "accuracy": 0.85,
            "macro_f1": 0.5919701213818861,
            "weighted_f1": 0.8879551820728292,
            "precision": 0.6363636363636364,
            "recall": 0.5666666666666667,
            "validity_rate": 0.9
        },
        "Emotion": {
            "accuracy": 0.2777777777777778,
            "macro_f1": 0.26551226551226553,
            "weighted_f1": 0.30976430976430974,
            "precision": 0.30476190476190473,
            "recall": 0.23809523809523808,
            "validity_rate": 0.6388888888888888
        },
        "AG News": {
            "accuracy": 0.46875,
            "macro_f1": 0.41303167420814485,
            "weighted_f1": 0.516289592760181,
            "precision": 0.4768253968253968,
            "recall": 0.375,
            "validity_rate": 0.8125
        },
        "BANKING77": {
            "accuracy": 0.42857142857142855,
            "macro_f1": 0.35729548229548225,
            "weighted_f1": 0.36193568336425475,
            "precision": 0.33516483516483514,
            "recall": 0.4230769230769231,
            "validity_rate": 0.9090909090909091
        }
    }
}