{
    "operational": [
        {
            "dataset": "SST-2",
            "total_samples": 6,
            "total_time": 6.976422309875488,
            "throughput": 0.8600396784332692,
            "latency_mean": 1.1596455971399944,
            "latency_p95": 2.86502605676651,
            "cpu_util_avg": 90.55,
            "mem_usage_delta_mb": -490.046875,
            "parse_failure_rate": 0.0
        },
        {
            "dataset": "Emotion",
            "total_samples": 6,
            "total_time": 603.3841118812561,
            "throughput": 0.009943914468170119,
            "latency_mean": 100.56012006600697,
            "latency_p95": 450.2238254547119,
            "cpu_util_avg": 66.95,
            "mem_usage_delta_mb": -3262.66015625,
            "parse_failure_rate": 0.16666666666666666
        },
        {
            "dataset": "AG News",
            "total_samples": 4,
            "total_time": 3.5544586181640625,
            "throughput": 1.1253471849578227,
            "latency_mean": 0.8845317363739014,
            "latency_p95": 1.2495922207832335,
            "cpu_util_avg": 30.95,
            "mem_usage_delta_mb": 27.21875,
            "parse_failure_rate": 0.0
        }
    ],
    "capability": {
        "SST-2": {
            "accuracy": 1.0,
            "macro_f1": 1.0,
            "weighted_f1": 1.0,
            "precision": 1.0,
            "recall": 1.0,
            "validity_rate": 1.0
        },
        "Emotion": {
            "accuracy": 0.6666666666666666,
            "macro_f1": 0.5714285714285714,
            "weighted_f1": 0.6666666666666666,
            "precision": 0.5714285714285714,
            "recall": 0.5714285714285714,
            "validity_rate": 0.8333333333333334
        },
        "AG News": {
            "accuracy": 1.0,
            "macro_f1": 1.0,
            "weighted_f1": 1.0,
            "precision": 1.0,
            "recall": 1.0,
            "validity_rate": 1.0
        }
    }
}