{
    "operational": [
        {
            "dataset": "SST-2",
            "total_samples": 2,
            "total_time": 1.9516711235046387,
            "throughput": 1.0247628178299715,
            "latency_mean": 0.971809983253479,
            "latency_p95": 1.2967652916908263,
            "cpu_util_avg": 75.8,
            "mem_usage_delta_mb": -410.77734375,
            "parse_failure_rate": 0.0
        },
        {
            "dataset": "Emotion",
            "total_samples": 6,
            "total_time": 4.318817853927612,
            "throughput": 1.3892690553141736,
            "latency_mean": 0.7186434268951416,
            "latency_p95": 0.7845333814620972,
            "cpu_util_avg": 76.0,
            "mem_usage_delta_mb": 36.6796875,
            "parse_failure_rate": 0.0
        },
        {
            "dataset": "AG News",
            "total_samples": 4,
            "total_time": 2.7918541431427,
            "throughput": 1.4327396041891103,
            "latency_mean": 0.695930004119873,
            "latency_p95": 0.8295376300811768,
            "cpu_util_avg": 69.75,
            "mem_usage_delta_mb": 78.6328125,
            "parse_failure_rate": 0.0
        }
    ],
    "capability": {
        "SST-2": {
            "accuracy": 1.0,
            "macro_f1": 1.0,
            "weighted_f1": 1.0,
            "precision": 1.0,
            "recall": 1.0,
            "validity_rate": 1.0
        },
        "Emotion": {
            "accuracy": 0.8333333333333334,
            "macro_f1": 0.7777777777777778,
            "weighted_f1": 0.7777777777777778,
            "precision": 0.75,
            "recall": 0.8333333333333334,
            "validity_rate": 1.0
        },
        "AG News": {
            "accuracy": 1.0,
            "macro_f1": 1.0,
            "weighted_f1": 1.0,
            "precision": 1.0,
            "recall": 1.0,
            "validity_rate": 1.0
        }
    }
}