{
    "operational": [
        {
            "dataset": "SST-2",
            "total_samples": 6,
            "total_time": 11.801600456237793,
            "throughput": 0.5084056202587905,
            "latency_mean": 1.9658515055974324,
            "latency_p95": 3.9234378933906555,
            "cpu_util_avg": 38.349999999999994,
            "mem_usage_delta_mb": 1589.10546875,
            "parse_failure_rate": 0.0
        },
        {
            "dataset": "Emotion",
            "total_samples": 6,
            "total_time": 7.952772617340088,
            "throughput": 0.7544538601440338,
            "latency_mean": 1.324945290883382,
            "latency_p95": 2.190077066421509,
            "cpu_util_avg": 56.7,
            "mem_usage_delta_mb": -168.75,
            "parse_failure_rate": 0.0
        },
        {
            "dataset": "AG News",
            "total_samples": 4,
            "total_time": 9.97083044052124,
            "throughput": 0.4011701957887165,
            "latency_mean": 2.49270761013031,
            "latency_p95": 3.3141325831413266,
            "cpu_util_avg": 27.7,
            "mem_usage_delta_mb": -12.25390625,
            "parse_failure_rate": 0.0
        }
    ],
    "capability": {
        "SST-2": {
            "accuracy": 0.8333333333333334,
            "macro_f1": 0.8285714285714285,
            "weighted_f1": 0.8285714285714286,
            "precision": 0.875,
            "recall": 0.8333333333333333,
            "validity_rate": 1.0
        },
        "Emotion": {
            "accuracy": 0.6666666666666666,
            "macro_f1": 0.5555555555555555,
            "weighted_f1": 0.5555555555555555,
            "precision": 0.5,
            "recall": 0.6666666666666666,
            "validity_rate": 1.0
        },
        "AG News": {
            "accuracy": 0.75,
            "macro_f1": 0.6666666666666666,
            "weighted_f1": 0.6666666666666666,
            "precision": 0.625,
            "recall": 0.75,
            "validity_rate": 1.0
        }
    }
}