{
    "operational": [
        {
            "dataset": "SST-2",
            "total_samples": 2,
            "total_time": 9.252047538757324,
            "throughput": 0.21616836615050805,
            "latency_mean": 0,
            "latency_p95": 0,
            "cpu_util_avg": 42.0,
            "mem_usage_delta_mb": 1438.08984375,
            "parse_failure_rate": 0.0
        },
        {
            "dataset": "Emotion",
            "total_samples": 6,
            "total_time": 19.38707685470581,
            "throughput": 0.30948451099494273,
            "latency_mean": 0,
            "latency_p95": 0,
            "cpu_util_avg": 81.85,
            "mem_usage_delta_mb": -602.69921875,
            "parse_failure_rate": 0.0
        },
        {
            "dataset": "AG News",
            "total_samples": 4,
            "total_time": 11.637209415435791,
            "throughput": 0.34372501664310795,
            "latency_mean": 0,
            "latency_p95": 0,
            "cpu_util_avg": 65.25,
            "mem_usage_delta_mb": 95.33203125,
            "parse_failure_rate": 0.0
        },
        {
            "dataset": "BANKING77",
            "total_samples": 77,
            "total_time": 152.56456565856934,
            "throughput": 0.5047043503687583,
            "latency_mean": 0,
            "latency_p95": 0,
            "cpu_util_avg": 87.95,
            "mem_usage_delta_mb": -942.35546875,
            "parse_failure_rate": 0.0
        }
    ],
    "capability": {
        "SST-2": {
            "accuracy": 0.5,
            "macro_f1": 0.3333333333333333,
            "weighted_f1": 0.3333333333333333,
            "precision": 0.25,
            "recall": 0.5,
            "validity_rate": 1.0
        },
        "Emotion": {
            "accuracy": 0.5,
            "macro_f1": 0.38095238095238093,
            "weighted_f1": 0.4444444444444444,
            "precision": 0.35714285714285715,
            "recall": 0.42857142857142855,
            "validity_rate": 0.6666666666666666
        },
        "AG News": {
            "accuracy": 0.25,
            "macro_f1": 0.13333333333333333,
            "weighted_f1": 0.16666666666666666,
            "precision": 0.1,
            "recall": 0.2,
            "validity_rate": 0.75
        },
        "BANKING77": {
            "accuracy": 0.4025974025974026,
            "macro_f1": 0.3327635327635327,
            "weighted_f1": 0.33708513708513704,
            "precision": 0.30865384615384617,
            "recall": 0.3974358974358974,
            "validity_rate": 0.8701298701298701
        }
    }
}