{
  "task": "code_generation",
  "model": "llama_llama-3.3-70b-versatile",
  "features": [
    "token_count",
    "modal_verb_count",
    "readability_fog",
    "avg_sentence_length",
    "algorithm_keyword_count"
  ],
  "tau": 0.05,
  "class_weight": "balanced",
  "scaler_mean": [
    67.9047619047619,
    0.21768707482993196,
    9.014193874189196,
    13.939753198426668,
    0.06802721088435375
  ],
  "scaler_scale": [
    60.48785039453356,
    0.7048617059585642,
    3.3007731206320505,
    7.5398005039214215,
    0.27749766060368897
  ],
  "weights": [
    -0.0556059720574324,
    -0.44378698713064196,
    0.3511547625658305,
    -1.049361065138543,
    -0.38181777395235095
  ],
  "bias": -0.11673024276986524,
  "metrics": {
    "train": {
      "n": 147.0,
      "positive_rate": 0.48299319727891155,
      "avg_pred_fail_prob": 0.4976906238390198,
      "f1": 0.6635514018691588,
      "accuracy": 0.5102040816326531
    },
    "val": {
      "n": 49.0,
      "positive_rate": 0.5714285714285714,
      "avg_pred_fail_prob": 0.5146426825436611,
      "f1": 0.7397260273972602,
      "accuracy": 0.6122448979591837
    },
    "test": {
      "n": 54.0,
      "positive_rate": 0.35185185185185186,
      "avg_pred_fail_prob": 0.41820086449868393,
      "f1": 0.5507246376811594,
      "accuracy": 0.42592592592592593
    }
  }
}