{
  "task": "text_generation",
  "primary_metric": "constraint_satisfaction",
  "baseline_model": "groq:llama-3.3-70b-versatile",
  "models": {
    "qwen2.5_0.5b": {
      "sample_count": 300,
      "capability": {
        "score": 0.69,
        "semantic_risk": 0.04340000000000004,
        "primary_metric_score_name": "constraint_satisfaction",
        "valid_output_rate": 1.0,
        "per_bin": {
          "0": {
            "sample_count": 22,
            "capability": 0.4090909090909091,
            "semantic_risk": 0.0827272727272727,
            "avg_latency_sec": 1.567731818181818,
            "valid_output_rate": 1.0
          },
          "1": {
            "sample_count": 17,
            "capability": 0.8235294117647058,
            "semantic_risk": 0.02470588235294117,
            "avg_latency_sec": 1.5151470588235296,
            "valid_output_rate": 1.0
          },
          "2": {
            "sample_count": 18,
            "capability": 0.7777777777777778,
            "semantic_risk": 0.031111111111111107,
            "avg_latency_sec": 1.4132166666666666,
            "valid_output_rate": 1.0
          },
          "3": {
            "sample_count": 23,
            "capability": 0.6956521739130435,
            "semantic_risk": 0.042608695652173914,
            "avg_latency_sec": 1.2921391304347825,
            "valid_output_rate": 1.0
          },
          "4": {
            "sample_count": 220,
            "capability": 0.7,
            "semantic_risk": 0.04199999999999998,
            "avg_latency_sec": 1.5263968181818175,
            "valid_output_rate": 1.0
          }
        }
      },
      "operational": {
        "avg_latency_sec": 1.504039999999999,
        "p50_latency_sec": 1.14365,
        "p95_latency_sec": 3.6673700000000005,
        "p99_latency_sec": 4.921372,
        "throughput_qps": 0.664875934150688,
        "success_rate": 1.0,
        "error_rate": 0.0
      },
      "model_key": "qwen2.5_0.5b",
      "display_name": "qwen2.5:0.5b"
    },
    "qwen2.5_3b": {
      "sample_count": 223,
      "capability": {
        "score": 0.6367713004484304,
        "semantic_risk": 0.05085201793721975,
        "primary_metric_score_name": "constraint_satisfaction",
        "valid_output_rate": 1.0,
        "per_bin": {
          "0": {
            "sample_count": 21,
            "capability": 0.5714285714285714,
            "semantic_risk": 0.05999999999999999,
            "avg_latency_sec": 8.240995238095238,
            "valid_output_rate": 1.0
          },
          "1": {
            "sample_count": 13,
            "capability": 0.7692307692307693,
            "semantic_risk": 0.0323076923076923,
            "avg_latency_sec": 4.961153846153847,
            "valid_output_rate": 1.0
          },
          "2": {
            "sample_count": 14,
            "capability": 0.42857142857142855,
            "semantic_risk": 0.07999999999999999,
            "avg_latency_sec": 7.405978571428571,
            "valid_output_rate": 1.0
          },
          "3": {
            "sample_count": 14,
            "capability": 0.7142857142857143,
            "semantic_risk": 0.039999999999999994,
            "avg_latency_sec": 4.233549999999999,
            "valid_output_rate": 1.0
          },
          "4": {
            "sample_count": 161,
            "capability": 0.6459627329192547,
            "semantic_risk": 0.049565217391304296,
            "avg_latency_sec": 8.738293788819878,
            "valid_output_rate": 1.0
          }
        }
      },
      "operational": {
        "avg_latency_sec": 8.104818834080717,
        "p50_latency_sec": 2.9336,
        "p95_latency_sec": 29.68382,
        "p99_latency_sec": 30.868358,
        "throughput_qps": 0.12338338715172827,
        "success_rate": 1.0,
        "error_rate": 0.0
      },
      "model_key": "qwen2.5_3b",
      "display_name": "qwen2.5:3b"
    },
    "qwen2.5_7b": {
      "sample_count": 223,
      "capability": {
        "score": 0.8340807174887892,
        "semantic_risk": 0.023228699551569497,
        "primary_metric_score_name": "constraint_satisfaction",
        "valid_output_rate": 1.0,
        "per_bin": {
          "0": {
            "sample_count": 21,
            "capability": 0.9047619047619048,
            "semantic_risk": 0.013333333333333332,
            "avg_latency_sec": 4.972980952380953,
            "valid_output_rate": 1.0
          },
          "1": {
            "sample_count": 13,
            "capability": 0.9230769230769231,
            "semantic_risk": 0.010769230769230769,
            "avg_latency_sec": 5.211823076923078,
            "valid_output_rate": 1.0
          },
          "2": {
            "sample_count": 14,
            "capability": 0.7857142857142857,
            "semantic_risk": 0.029999999999999995,
            "avg_latency_sec": 4.916207142857144,
            "valid_output_rate": 1.0
          },
          "3": {
            "sample_count": 14,
            "capability": 0.9285714285714286,
            "semantic_risk": 0.009999999999999998,
            "avg_latency_sec": 5.037178571428571,
            "valid_output_rate": 1.0
          },
          "4": {
            "sample_count": 161,
            "capability": 0.8136645962732919,
            "semantic_risk": 0.026086956521739132,
            "avg_latency_sec": 5.2257099378881975,
            "valid_output_rate": 1.0
          }
        }
      },
      "operational": {
        "avg_latency_sec": 5.169834080717487,
        "p50_latency_sec": 5.0986,
        "p95_latency_sec": 6.887359999999995,
        "p99_latency_sec": 7.706018,
        "throughput_qps": 0.19342980536451115,
        "success_rate": 1.0,
        "error_rate": 0.0
      },
      "model_key": "qwen2.5_7b",
      "display_name": "qwen2.5:7b"
    },
    "llama_llama-3.3-70b-versatile": {
      "sample_count": 223,
      "capability": {
        "score": 1.0,
        "semantic_risk": 0.0,
        "primary_metric_score_name": "constraint_satisfaction",
        "valid_output_rate": 1.0,
        "per_bin": {
          "0": {
            "sample_count": 21,
            "capability": 1.0,
            "semantic_risk": 0.0,
            "avg_latency_sec": 0.7973190476190475,
            "valid_output_rate": 1.0
          },
          "1": {
            "sample_count": 13,
            "capability": 1.0,
            "semantic_risk": 0.0,
            "avg_latency_sec": 0.6902307692307693,
            "valid_output_rate": 1.0
          },
          "2": {
            "sample_count": 14,
            "capability": 1.0,
            "semantic_risk": 0.0,
            "avg_latency_sec": 0.6080714285714285,
            "valid_output_rate": 1.0
          },
          "3": {
            "sample_count": 14,
            "capability": 1.0,
            "semantic_risk": 0.0,
            "avg_latency_sec": 0.6484642857142857,
            "valid_output_rate": 1.0
          },
          "4": {
            "sample_count": 161,
            "capability": 1.0,
            "semantic_risk": 0.0,
            "avg_latency_sec": 0.6700540372670805,
            "valid_output_rate": 1.0
          }
        }
      },
      "operational": {
        "avg_latency_sec": 0.6779681614349774,
        "p50_latency_sec": 0.6484,
        "p95_latency_sec": 0.9596899999999994,
        "p99_latency_sec": 1.167162,
        "throughput_qps": 1.4749955187916417,
        "success_rate": 1.0,
        "error_rate": 0.0
      },
      "model_key": "llama_llama-3.3-70b-versatile",
      "display_name": "groq:llama-3.3-70b-versatile"
    }
  }
}