{
  "task": "text_generation",
  "primary_metric": "constraint_satisfaction",
  "baseline_model": "groq:llama-3.3-70b-versatile",
  "models": {
    "qwen2.5_0.5b": {
      "sample_count": 183,
      "capability": {
        "score": 0.01639344262295082,
        "semantic_risk": 0.14112021857923523,
        "primary_metric_score_name": "constraint_satisfaction",
        "valid_output_rate": 1.0,
        "per_bin": {
          "0": {
            "sample_count": 14,
            "capability": 0.0,
            "semantic_risk": 0.13821428571428568,
            "avg_latency_sec": 1.0150285714285714,
            "valid_output_rate": 1.0
          },
          "1": {
            "sample_count": 13,
            "capability": 0.0,
            "semantic_risk": 0.1492307692307692,
            "avg_latency_sec": 1.0500999999999996,
            "valid_output_rate": 1.0
          },
          "2": {
            "sample_count": 10,
            "capability": 0.0,
            "semantic_risk": 0.13999999999999996,
            "avg_latency_sec": 0.98119,
            "valid_output_rate": 1.0
          },
          "3": {
            "sample_count": 14,
            "capability": 0.0,
            "semantic_risk": 0.1439285714285714,
            "avg_latency_sec": 1.0012142857142858,
            "valid_output_rate": 1.0
          },
          "4": {
            "sample_count": 132,
            "capability": 0.022727272727272728,
            "semantic_risk": 0.14041666666666688,
            "avg_latency_sec": 0.9682742424242423,
            "valid_output_rate": 1.0
          }
        }
      },
      "operational": {
        "avg_latency_sec": 0.9808896174863393,
        "p50_latency_sec": 0.9248,
        "p95_latency_sec": 1.5592000000000001,
        "p99_latency_sec": 1.7567980000000016,
        "throughput_qps": 1.0194827044480639,
        "success_rate": 1.0,
        "error_rate": 0.0
      },
      "model_key": "qwen2.5_0.5b",
      "display_name": "qwen2.5:0.5b"
    },
    "qwen2.5_3b": {
      "sample_count": 183,
      "capability": {
        "score": 0.04371584699453552,
        "semantic_risk": 0.1386885245901642,
        "primary_metric_score_name": "constraint_satisfaction",
        "valid_output_rate": 1.0,
        "per_bin": {
          "0": {
            "sample_count": 14,
            "capability": 0.0,
            "semantic_risk": 0.13999999999999996,
            "avg_latency_sec": 2.684407142857143,
            "valid_output_rate": 1.0
          },
          "1": {
            "sample_count": 13,
            "capability": 0.07692307692307693,
            "semantic_risk": 0.13538461538461535,
            "avg_latency_sec": 2.619784615384615,
            "valid_output_rate": 1.0
          },
          "2": {
            "sample_count": 10,
            "capability": 0.1,
            "semantic_risk": 0.13399999999999998,
            "avg_latency_sec": 2.8046499999999996,
            "valid_output_rate": 1.0
          },
          "3": {
            "sample_count": 14,
            "capability": 0.07142857142857142,
            "semantic_risk": 0.13571428571428568,
            "avg_latency_sec": 2.651392857142857,
            "valid_output_rate": 1.0
          },
          "4": {
            "sample_count": 132,
            "capability": 0.03787878787878788,
            "semantic_risk": 0.13954545454545475,
            "avg_latency_sec": 2.602689393939394,
            "valid_output_rate": 1.0
          }
        }
      },
      "operational": {
        "avg_latency_sec": 2.6249174863387994,
        "p50_latency_sec": 2.5252,
        "p95_latency_sec": 3.6461200000000002,
        "p99_latency_sec": 4.296092,
        "throughput_qps": 0.38096435610049856,
        "success_rate": 1.0,
        "error_rate": 0.0
      },
      "model_key": "qwen2.5_3b",
      "display_name": "qwen2.5:3b"
    },
    "qwen2.5_7b": {
      "sample_count": 183,
      "capability": {
        "score": 0.04918032786885246,
        "semantic_risk": 0.13420765027322434,
        "primary_metric_score_name": "constraint_satisfaction",
        "valid_output_rate": 1.0,
        "per_bin": {
          "0": {
            "sample_count": 14,
            "capability": 0.0,
            "semantic_risk": 0.13999999999999996,
            "avg_latency_sec": 8.762207142857143,
            "valid_output_rate": 1.0
          },
          "1": {
            "sample_count": 13,
            "capability": 0.0,
            "semantic_risk": 0.13999999999999996,
            "avg_latency_sec": 11.921753846153846,
            "valid_output_rate": 1.0
          },
          "2": {
            "sample_count": 10,
            "capability": 0.1,
            "semantic_risk": 0.12599999999999997,
            "avg_latency_sec": 12.808060000000001,
            "valid_output_rate": 1.0
          },
          "3": {
            "sample_count": 14,
            "capability": 0.0,
            "semantic_risk": 0.13999999999999996,
            "avg_latency_sec": 8.8118,
            "valid_output_rate": 1.0
          },
          "4": {
            "sample_count": 132,
            "capability": 0.06060606060606061,
            "semantic_risk": 0.13303030303030325,
            "avg_latency_sec": 12.970221212121212,
            "valid_output_rate": 1.0
          }
        }
      },
      "operational": {
        "avg_latency_sec": 12.246823497267766,
        "p50_latency_sec": 5.5388,
        "p95_latency_sec": 41.40495000000001,
        "p99_latency_sec": 49.62838200000005,
        "throughput_qps": 0.08165382641654773,
        "success_rate": 1.0,
        "error_rate": 0.0
      },
      "model_key": "qwen2.5_7b",
      "display_name": "qwen2.5:7b"
    },
    "llama_llama-3.3-70b-versatile": {
      "sample_count": 183,
      "capability": {
        "score": 1.0,
        "semantic_risk": 0.0,
        "primary_metric_score_name": "constraint_satisfaction",
        "valid_output_rate": 1.0,
        "per_bin": {
          "0": {
            "sample_count": 14,
            "capability": 1.0,
            "semantic_risk": 0.0,
            "avg_latency_sec": 0.8492571428571428,
            "valid_output_rate": 1.0
          },
          "1": {
            "sample_count": 13,
            "capability": 1.0,
            "semantic_risk": 0.0,
            "avg_latency_sec": 0.6529846153846154,
            "valid_output_rate": 1.0
          },
          "2": {
            "sample_count": 10,
            "capability": 1.0,
            "semantic_risk": 0.0,
            "avg_latency_sec": 0.49376999999999993,
            "valid_output_rate": 1.0
          },
          "3": {
            "sample_count": 14,
            "capability": 1.0,
            "semantic_risk": 0.0,
            "avg_latency_sec": 0.5859214285714287,
            "valid_output_rate": 1.0
          },
          "4": {
            "sample_count": 132,
            "capability": 1.0,
            "semantic_risk": 0.0,
            "avg_latency_sec": 0.600339393939394,
            "valid_output_rate": 1.0
          }
        }
      },
      "operational": {
        "avg_latency_sec": 0.6161956284153004,
        "p50_latency_sec": 0.5884,
        "p95_latency_sec": 1.01807,
        "p99_latency_sec": 1.172592,
        "throughput_qps": 1.6228612373829194,
        "success_rate": 1.0,
        "error_rate": 0.0
      },
      "model_key": "llama_llama-3.3-70b-versatile",
      "display_name": "groq:llama-3.3-70b-versatile"
    }
  }
}