{
  "task": "instruction_following",
  "primary_metric": "constraint_satisfaction",
  "baseline_model": "groq:llama-3.3-70b-versatile",
  "models": {
    "qwen2.5_0.5b": {
      "sample_count": 309,
      "capability": {
        "score": 0.12297734627831715,
        "semantic_risk": 0.3317961165048556,
        "primary_metric_score_name": "constraint_satisfaction",
        "valid_output_rate": 1.0,
        "per_bin": {
          "0": {
            "sample_count": 24,
            "capability": 0.20833333333333334,
            "semantic_risk": 0.3322916666666667,
            "avg_latency_sec": 4.104995833333333,
            "valid_output_rate": 1.0
          },
          "1": {
            "sample_count": 21,
            "capability": 0.047619047619047616,
            "semantic_risk": 0.3809523809523811,
            "avg_latency_sec": 3.785314285714285,
            "valid_output_rate": 1.0
          },
          "2": {
            "sample_count": 28,
            "capability": 0.07142857142857142,
            "semantic_risk": 0.317857142857143,
            "avg_latency_sec": 4.196689285714286,
            "valid_output_rate": 1.0
          },
          "3": {
            "sample_count": 23,
            "capability": 0.08695652173913043,
            "semantic_risk": 0.33804347826086967,
            "avg_latency_sec": 4.421865217391305,
            "valid_output_rate": 1.0
          },
          "4": {
            "sample_count": 213,
            "capability": 0.13145539906103287,
            "semantic_risk": 0.3280516431924879,
            "avg_latency_sec": 3.9681169014084516,
            "valid_output_rate": 1.0
          }
        }
      },
      "operational": {
        "avg_latency_sec": 4.020811003236246,
        "p50_latency_sec": 3.4529,
        "p95_latency_sec": 8.753059999999998,
        "p99_latency_sec": 9.117768000000002,
        "throughput_qps": 0.2487060444261434,
        "success_rate": 1.0,
        "error_rate": 0.0
      },
      "model_key": "qwen2.5_0.5b",
      "display_name": "qwen2.5:0.5b"
    },
    "qwen2.5_3b": {
      "sample_count": 309,
      "capability": {
        "score": 0.12944983818770225,
        "semantic_risk": 0.28551779935275157,
        "primary_metric_score_name": "constraint_satisfaction",
        "valid_output_rate": 1.0,
        "per_bin": {
          "0": {
            "sample_count": 24,
            "capability": 0.16666666666666666,
            "semantic_risk": 0.31250000000000006,
            "avg_latency_sec": 14.378729166666666,
            "valid_output_rate": 1.0
          },
          "1": {
            "sample_count": 21,
            "capability": 0.047619047619047616,
            "semantic_risk": 0.3333333333333334,
            "avg_latency_sec": 15.604638095238096,
            "valid_output_rate": 1.0
          },
          "2": {
            "sample_count": 28,
            "capability": 0.03571428571428571,
            "semantic_risk": 0.3008928571428573,
            "avg_latency_sec": 13.840039285714283,
            "valid_output_rate": 1.0
          },
          "3": {
            "sample_count": 23,
            "capability": 0.13043478260869565,
            "semantic_risk": 0.3152173913043479,
            "avg_latency_sec": 14.129713043478262,
            "valid_output_rate": 1.0
          },
          "4": {
            "sample_count": 213,
            "capability": 0.14553990610328638,
            "semantic_risk": 0.2725352112676048,
            "avg_latency_sec": 15.746835680751182,
            "valid_output_rate": 1.0
          }
        }
      },
      "operational": {
        "avg_latency_sec": 15.33775857605178,
        "p50_latency_sec": 12.1729,
        "p95_latency_sec": 30.788079999999976,
        "p99_latency_sec": 45.119456000000035,
        "throughput_qps": 0.06519857481401421,
        "success_rate": 1.0,
        "error_rate": 0.0
      },
      "model_key": "qwen2.5_3b",
      "display_name": "qwen2.5:3b"
    },
    "qwen2.5_7b": {
      "sample_count": 309,
      "capability": {
        "score": 0.06472491909385113,
        "semantic_risk": 0.3154530744336582,
        "primary_metric_score_name": "constraint_satisfaction",
        "valid_output_rate": 1.0,
        "per_bin": {
          "0": {
            "sample_count": 24,
            "capability": 0.08333333333333333,
            "semantic_risk": 0.34583333333333344,
            "avg_latency_sec": 29.493624999999998,
            "valid_output_rate": 1.0
          },
          "1": {
            "sample_count": 21,
            "capability": 0.047619047619047616,
            "semantic_risk": 0.2976190476190477,
            "avg_latency_sec": 28.199038095238095,
            "valid_output_rate": 1.0
          },
          "2": {
            "sample_count": 28,
            "capability": 0.03571428571428571,
            "semantic_risk": 0.31875000000000014,
            "avg_latency_sec": 27.312953571428572,
            "valid_output_rate": 1.0
          },
          "3": {
            "sample_count": 23,
            "capability": 0.08695652173913043,
            "semantic_risk": 0.3163043478260871,
            "avg_latency_sec": 27.527043478260868,
            "valid_output_rate": 1.0
          },
          "4": {
            "sample_count": 213,
            "capability": 0.06572769953051644,
            "semantic_risk": 0.31326291079812146,
            "avg_latency_sec": 24.653929577464776,
            "valid_output_rate": 1.0
          }
        }
      },
      "operational": {
        "avg_latency_sec": 25.725561488673126,
        "p50_latency_sec": 29.3304,
        "p95_latency_sec": 51.18557999999997,
        "p99_latency_sec": 59.46794400000002,
        "throughput_qps": 0.03887184349466178,
        "success_rate": 1.0,
        "error_rate": 0.0
      },
      "model_key": "qwen2.5_7b",
      "display_name": "qwen2.5:7b"
    },
    "llama_llama-3.3-70b-versatile": {
      "sample_count": 309,
      "capability": {
        "score": 0.1553398058252427,
        "semantic_risk": 0.25493527508090635,
        "primary_metric_score_name": "constraint_satisfaction",
        "valid_output_rate": 1.0,
        "per_bin": {
          "0": {
            "sample_count": 24,
            "capability": 0.16666666666666666,
            "semantic_risk": 0.26041666666666674,
            "avg_latency_sec": 1.1845083333333335,
            "valid_output_rate": 1.0
          },
          "1": {
            "sample_count": 21,
            "capability": 0.09523809523809523,
            "semantic_risk": 0.2607142857142857,
            "avg_latency_sec": 1.2935619047619047,
            "valid_output_rate": 1.0
          },
          "2": {
            "sample_count": 28,
            "capability": 0.07142857142857142,
            "semantic_risk": 0.2910714285714287,
            "avg_latency_sec": 1.2442392857142857,
            "valid_output_rate": 1.0
          },
          "3": {
            "sample_count": 23,
            "capability": 0.17391304347826086,
            "semantic_risk": 0.25978260869565223,
            "avg_latency_sec": 1.3942391304347823,
            "valid_output_rate": 1.0
          },
          "4": {
            "sample_count": 213,
            "capability": 0.16901408450704225,
            "semantic_risk": 0.24847417840375513,
            "avg_latency_sec": 12.400697652582163,
            "valid_output_rate": 1.0
          }
        }
      },
      "operational": {
        "avg_latency_sec": 8.944491262135923,
        "p50_latency_sec": 1.2075,
        "p95_latency_sec": 2.659439999999999,
        "p99_latency_sec": 3.0133760000000027,
        "throughput_qps": 0.11180065704052153,
        "success_rate": 1.0,
        "error_rate": 0.0
      },
      "model_key": "llama_llama-3.3-70b-versatile",
      "display_name": "groq:llama-3.3-70b-versatile"
    }
  }
}