{
  "task": "instruction_following",
  "primary_metric": "constraint_satisfaction",
  "baseline_model": "groq:llama-3.3-70b-versatile",
  "models": {
    "qwen2.5_0.5b": {
      "sample_count": 500,
      "capability": {
        "score": 0.67,
        "semantic_risk": 0.09074999999999973,
        "primary_metric_score_name": "constraint_satisfaction",
        "valid_output_rate": 1.0,
        "per_bin": {
          "0": {
            "sample_count": 38,
            "capability": 0.5789473684210527,
            "semantic_risk": 0.11578947368421051,
            "avg_latency_sec": 7.1391684210526325,
            "valid_output_rate": 1.0
          },
          "1": {
            "sample_count": 31,
            "capability": 0.5806451612903226,
            "semantic_risk": 0.11532258064516127,
            "avg_latency_sec": 7.0438451612903235,
            "valid_output_rate": 1.0
          },
          "2": {
            "sample_count": 38,
            "capability": 0.7368421052631579,
            "semantic_risk": 0.07236842105263157,
            "avg_latency_sec": 5.953168421052631,
            "valid_output_rate": 1.0
          },
          "3": {
            "sample_count": 32,
            "capability": 0.71875,
            "semantic_risk": 0.07734374999999999,
            "avg_latency_sec": 5.742806249999999,
            "valid_output_rate": 1.0
          },
          "4": {
            "sample_count": 361,
            "capability": 0.6759002770083102,
            "semantic_risk": 0.08912742382271449,
            "avg_latency_sec": 6.523124930747928,
            "valid_output_rate": 1.0
          }
        }
      },
      "operational": {
        "avg_latency_sec": 6.508971800000002,
        "p50_latency_sec": 4.240349999999999,
        "p95_latency_sec": 24.915264999999994,
        "p99_latency_sec": 27.701809,
        "throughput_qps": 0.15363409624850421,
        "success_rate": 1.0,
        "error_rate": 0.0
      },
      "model_key": "qwen2.5_0.5b",
      "display_name": "qwen2.5:0.5b"
    },
    "qwen2.5_3b": {
      "sample_count": 500,
      "capability": {
        "score": 0.768,
        "semantic_risk": 0.06379999999999986,
        "primary_metric_score_name": "constraint_satisfaction",
        "valid_output_rate": 1.0,
        "per_bin": {
          "0": {
            "sample_count": 38,
            "capability": 0.7105263157894737,
            "semantic_risk": 0.07960526315789472,
            "avg_latency_sec": 18.098342105263157,
            "valid_output_rate": 1.0
          },
          "1": {
            "sample_count": 31,
            "capability": 0.6129032258064516,
            "semantic_risk": 0.10645161290322579,
            "avg_latency_sec": 18.203906451612898,
            "valid_output_rate": 1.0
          },
          "2": {
            "sample_count": 38,
            "capability": 0.7894736842105263,
            "semantic_risk": 0.057894736842105256,
            "avg_latency_sec": 15.943294736842105,
            "valid_output_rate": 1.0
          },
          "3": {
            "sample_count": 32,
            "capability": 0.75,
            "semantic_risk": 0.06874999999999999,
            "avg_latency_sec": 16.680778124999996,
            "valid_output_rate": 1.0
          },
          "4": {
            "sample_count": 361,
            "capability": 0.7867036011080333,
            "semantic_risk": 0.05865650969529082,
            "avg_latency_sec": 18.02919806094182,
            "valid_output_rate": 1.0
          }
        }
      },
      "operational": {
        "avg_latency_sec": 17.800457399999992,
        "p50_latency_sec": 15.7803,
        "p95_latency_sec": 39.194829999999996,
        "p99_latency_sec": 45.32162099999999,
        "throughput_qps": 0.056178331687139704,
        "success_rate": 1.0,
        "error_rate": 0.0
      },
      "model_key": "qwen2.5_3b",
      "display_name": "qwen2.5:3b"
    },
    "qwen2.5_7b": {
      "sample_count": 366,
      "capability": {
        "score": 0.6666666666666666,
        "semantic_risk": 0.09166666666666647,
        "primary_metric_score_name": "constraint_satisfaction",
        "valid_output_rate": 1.0,
        "per_bin": {
          "0": {
            "sample_count": 30,
            "capability": 0.4,
            "semantic_risk": 0.165,
            "avg_latency_sec": 29.93832333333334,
            "valid_output_rate": 1.0
          },
          "1": {
            "sample_count": 26,
            "capability": 0.6923076923076923,
            "semantic_risk": 0.0846153846153846,
            "avg_latency_sec": 26.037476923076927,
            "valid_output_rate": 1.0
          },
          "2": {
            "sample_count": 30,
            "capability": 0.7666666666666667,
            "semantic_risk": 0.06416666666666666,
            "avg_latency_sec": 21.55064666666667,
            "valid_output_rate": 1.0
          },
          "3": {
            "sample_count": 25,
            "capability": 0.72,
            "semantic_risk": 0.077,
            "avg_latency_sec": 25.377488,
            "valid_output_rate": 1.0
          },
          "4": {
            "sample_count": 255,
            "capability": 0.6784313725490196,
            "semantic_risk": 0.08843137254901953,
            "avg_latency_sec": 27.391835686274497,
            "valid_output_rate": 1.0
          }
        }
      },
      "operational": {
        "avg_latency_sec": 26.88797486338797,
        "p50_latency_sec": 27.204749999999997,
        "p95_latency_sec": 61.3829,
        "p99_latency_sec": 77.71408000000001,
        "throughput_qps": 0.037191346878327036,
        "success_rate": 1.0,
        "error_rate": 0.0
      },
      "model_key": "qwen2.5_7b",
      "display_name": "qwen2.5:7b"
    },
    "llama_llama-3.3-70b-versatile": {
      "sample_count": 366,
      "capability": {
        "score": 0.8005464480874317,
        "semantic_risk": 0.054849726775956266,
        "primary_metric_score_name": "constraint_satisfaction",
        "valid_output_rate": 1.0,
        "per_bin": {
          "0": {
            "sample_count": 30,
            "capability": 0.7,
            "semantic_risk": 0.08249999999999999,
            "avg_latency_sec": 1.2593466666666666,
            "valid_output_rate": 1.0
          },
          "1": {
            "sample_count": 26,
            "capability": 0.7692307692307693,
            "semantic_risk": 0.06346153846153846,
            "avg_latency_sec": 1.292426923076923,
            "valid_output_rate": 1.0
          },
          "2": {
            "sample_count": 30,
            "capability": 0.8,
            "semantic_risk": 0.055,
            "avg_latency_sec": 1.2100633333333335,
            "valid_output_rate": 1.0
          },
          "3": {
            "sample_count": 25,
            "capability": 0.84,
            "semantic_risk": 0.044000000000000004,
            "avg_latency_sec": 1.425092,
            "valid_output_rate": 1.0
          },
          "4": {
            "sample_count": 255,
            "capability": 0.8117647058823529,
            "semantic_risk": 0.051764705882352983,
            "avg_latency_sec": 1.3461101960784312,
            "valid_output_rate": 1.0
          }
        }
      },
      "operational": {
        "avg_latency_sec": 1.3294284153005465,
        "p50_latency_sec": 1.1897,
        "p95_latency_sec": 2.718075,
        "p99_latency_sec": 3.080655000000002,
        "throughput_qps": 0.7522029682011333,
        "success_rate": 1.0,
        "error_rate": 0.0
      },
      "model_key": "llama_llama-3.3-70b-versatile",
      "display_name": "groq:llama-3.3-70b-versatile"
    }
  }
}