bin,n_samples,success_rate,avg_latency,validity_rate
0,15,1.0,2.996189578374227,1.0
1,15,1.0,3.1356900691986085,1.0
2,15,1.0,3.2515268961588544,1.0
3,15,1.0,3.1915433565775553,1.0
4,15,1.0,3.184431266784668,1.0
