{
  "task": "instruction_following",
  "model": "qwen2.5_7b",
  "features": [
    "modal_verb_count",
    "negation_count",
    "sentence_count",
    "readability_fk",
    "format_keyword_count"
  ],
  "tau": 0.44999999999999996,
  "class_weight": "balanced",
  "scaler_mean": [
    0.821917808219178,
    0.3904109589041096,
    3.363013698630137,
    6.387026732879818,
    0.5821917808219178
  ],
  "scaler_scale": [
    0.8889344976935684,
    0.7436791883751812,
    2.1955126620284875,
    2.6043898214229517,
    1.286158394318099
  ],
  "weights": [
    0.29966325614549116,
    -0.6449056683029702,
    -0.2685927430030262,
    0.06380274061860378,
    -0.17851254100051828
  ],
  "bias": -0.14157203653663086,
  "metrics": {
    "train": {
      "n": 146.0,
      "positive_rate": 0.2328767123287671,
      "avg_pred_fail_prob": 0.47665880587741144,
      "f1": 0.4375,
      "accuracy": 0.5068493150684932
    },
    "val": {
      "n": 50.0,
      "positive_rate": 0.22,
      "avg_pred_fail_prob": 0.43322427061089736,
      "f1": 0.43243243243243246,
      "accuracy": 0.58
    },
    "test": {
      "n": 54.0,
      "positive_rate": 0.2037037037037037,
      "avg_pred_fail_prob": 0.4433938532541922,
      "f1": 0.47619047619047616,
      "accuracy": 0.5925925925925926
    }
  }
}