bin,n_samples,success_rate,avg_latency,validity_rate
0,16,0.5,17.604673847556114,0.5
1,15,0.6,15.84688016573588,0.6
2,15,0.4666666666666667,16.21425290107727,0.4666666666666667
3,15,0.6666666666666666,15.351203759511312,0.6666666666666666
4,14,0.5714285714285714,15.555575268609184,0.5714285714285714
