{
  "task": "code_generation",
  "model": "qwen2.5_0.5b",
  "seed": 45,
  "features": [
    "token_count",
    "type_token_ratio",
    "avg_word_length",
    "code_symbol_density",
    "digit_ratio",
    "algorithm_keyword_density",
    "constraint_keyword_density",
    "modal_verb_ratio",
    "flesch_kincaid_grade",
    "gunning_fog",
    "embedding_query_context_cosine"
  ],
  "feature_selection": {
    "initial_count": 11,
    "final_count": 11,
    "dropped": {
      "null_or_nonfinite": [],
      "low_variance": [],
      "high_correlation": []
    }
  },
  "tau": 0.05,
  "class_weight": "balanced",
  "scaler_mean": [
    66.78231292517007,
    0.6889149781929834,
    4.916108090336932,
    0.028455752777159227,
    0.012116215930047218,
    0.0025498441374813986,
    0.067480649554124,
    0.002502268327087835,
    8.665125166268183,
    9.273047020377925,
    0.2537451985919354
  ],
  "scaler_scale": [
    58.30876260058107,
    0.08693246056020888,
    0.38615217307665706,
    0.03717398621068312,
    0.022390073074650834,
    0.011265393644872798,
    0.024159272439152935,
    0.007840979002758956,
    1.7170029136760374,
    2.4864072836212663,
    0.17284935140710597
  ],
  "weights": [
    -0.19947338968428407,
    -0.4426313105283986,
    -0.18879803189576597,
    -0.5142812254665626,
    -0.13014245747243258,
    -0.47182732652733717,
    -0.13030841620352532,
    1.1677339135269513,
    -0.24914653639806356,
    1.1465448820024577,
    -0.3578559826383211
  ],
  "bias": 0.6717698651641711,
  "metrics": {
    "train": {
      "n": 147.0,
      "positive_rate": 0.8095238095238095,
      "avg_pred_fail_prob": 0.6008787550414433,
      "f1": 0.9049429657794676,
      "accuracy": 0.8299319727891157,
      "roc_auc": 0.8449879951980792,
      "pr_auc": 0.9555408494932354,
      "brier": 0.15909313795243984,
      "ece_10bin": 0.2086450544823663
    },
    "val": {
      "n": 49.0,
      "positive_rate": 0.8367346938775511,
      "avg_pred_fail_prob": 0.6419920125779288,
      "f1": 0.9111111111111111,
      "accuracy": 0.8367346938775511,
      "roc_auc": 0.603658536585366,
      "pr_auc": 0.8902297231315262,
      "brier": 0.2077472954526778,
      "ece_10bin": 0.22816072291714673
    },
    "test": {
      "n": 54.0,
      "positive_rate": 0.7777777777777778,
      "avg_pred_fail_prob": 0.6301289906848054,
      "f1": 0.875,
      "accuracy": 0.7777777777777778,
      "roc_auc": 0.6626984126984127,
      "pr_auc": 0.8510455480116991,
      "brier": 0.2118058171343223,
      "ece_10bin": 0.22522396995643165
    }
  }
}