{
  "task": "code_generation",
  "model": "qwen2.5_7b",
  "seed": 46,
  "features": [
    "token_count",
    "type_token_ratio",
    "avg_word_length",
    "code_symbol_density",
    "digit_ratio",
    "algorithm_keyword_density",
    "constraint_keyword_density",
    "modal_verb_ratio",
    "flesch_kincaid_grade",
    "gunning_fog",
    "embedding_query_context_cosine"
  ],
  "feature_selection": {
    "initial_count": 11,
    "final_count": 11,
    "dropped": {
      "null_or_nonfinite": [],
      "low_variance": [],
      "high_correlation": []
    }
  },
  "tau": 0.44999999999999996,
  "class_weight": "balanced",
  "scaler_mean": [
    66.78231292517007,
    0.6889149781929834,
    4.916108090336932,
    0.028455752777159227,
    0.012116215930047218,
    0.0025498441374813986,
    0.067480649554124,
    0.002502268327087835,
    8.665125166268183,
    9.273047020377925,
    0.2537451985919354
  ],
  "scaler_scale": [
    58.30876260058107,
    0.08693246056020888,
    0.38615217307665706,
    0.03717398621068312,
    0.022390073074650834,
    0.011265393644872798,
    0.024159272439152935,
    0.007840979002758956,
    1.7170029136760374,
    2.4864072836212663,
    0.17284935140710597
  ],
  "weights": [
    0.21375141140556447,
    -0.2776861041213786,
    0.015385595458305739,
    -0.45104616246974866,
    -0.8264182586222827,
    -0.3737683672386152,
    0.31016053264642435,
    -0.24486805346641916,
    -0.49240090832549205,
    0.9091539003912315,
    -0.35157131555753857
  ],
  "bias": -0.15245364516936089,
  "metrics": {
    "train": {
      "n": 147.0,
      "positive_rate": 0.46938775510204084,
      "avg_pred_fail_prob": 0.4934281101944228,
      "f1": 0.7375,
      "accuracy": 0.7142857142857143,
      "roc_auc": 0.7864176885916017,
      "pr_auc": 0.7607365738019307,
      "brier": 0.18526908348243276,
      "ece_10bin": 0.06503727276867728
    },
    "val": {
      "n": 49.0,
      "positive_rate": 0.5510204081632653,
      "avg_pred_fail_prob": 0.5124589287674057,
      "f1": 0.8070175438596491,
      "accuracy": 0.7755102040816326,
      "roc_auc": 0.7929292929292929,
      "pr_auc": 0.8254888225141064,
      "brier": 0.18418721981736066,
      "ece_10bin": 0.11702939759491937
    },
    "test": {
      "n": 54.0,
      "positive_rate": 0.42592592592592593,
      "avg_pred_fail_prob": 0.38206513681515236,
      "f1": 0.6086956521739131,
      "accuracy": 0.6666666666666666,
      "roc_auc": 0.6185133239831697,
      "pr_auc": 0.5173009885537067,
      "brier": 0.25701333271584537,
      "ece_10bin": 0.18514506067673817
    }
  }
}