{
  "task": "classification",
  "model": "llama_llama-3.3-70b-versatile",
  "features": [
    "negation_count",
    "clause_count",
    "readability_fk",
    "entity_density",
    "avg_sentence_length"
  ],
  "tau": 0.75,
  "class_weight": "balanced",
  "scaler_mean": [
    0.6470588235294118,
    1.411764705882353,
    7.0660843078490165,
    0.2506121329650742,
    9.882352941176471
  ],
  "scaler_scale": [
    0.47788461203740945,
    0.6910200073218077,
    3.074680610918514,
    0.06563096903883946,
    3.806068728957764
  ],
  "weights": [
    0.3820046298924588,
    -0.7997028777165318,
    -0.6978356687395267,
    0.4779422535184691,
    -0.49720105334699866
  ],
  "bias": -0.6766687103233263,
  "metrics": {
    "train": {
      "n": 17.0,
      "positive_rate": 0.23529411764705882,
      "avg_pred_fail_prob": 0.38787419476601415,
      "f1": 0.6666666666666666,
      "accuracy": 0.8823529411764706
    },
    "val": {
      "n": 9.0,
      "positive_rate": 0.1111111111111111,
      "avg_pred_fail_prob": 0.5570417197366617,
      "f1": 0.6666666666666666,
      "accuracy": 0.8888888888888888
    },
    "test": {
      "n": 4.0,
      "positive_rate": 0.0,
      "avg_pred_fail_prob": 0.5116792991039192,
      "f1": 0.0,
      "accuracy": 0.75
    }
  }
}