bin,n_samples,success_rate,avg_latency,validity_rate
0,15,0.5333333333333333,14.538221820195515,0.5333333333333333
1,15,0.6,14.130739148457845,0.6
2,15,0.3333333333333333,14.719698063532512,0.3333333333333333
3,15,0.5333333333333333,13.201645517349244,0.5333333333333333
4,15,0.26666666666666666,14.588287734985352,0.26666666666666666
