{
  "task": "classification",
  "primary_metric": "accuracy",
  "baseline_model": "groq:llama-3.3-70b-versatile",
  "models": {
    "qwen2.5_0.5b": {
      "sample_count": 245,
      "capability": {
        "score": 0.3795918367346939,
        "semantic_risk": 0.34742857142857214,
        "primary_metric_score_name": "accuracy",
        "valid_output_rate": 1.0,
        "per_bin": {
          "0": {
            "sample_count": 20,
            "capability": 0.4,
            "semantic_risk": 0.3359999999999999,
            "avg_latency_sec": 0.8056599999999999,
            "valid_output_rate": 1.0
          },
          "1": {
            "sample_count": 14,
            "capability": 0.35714285714285715,
            "semantic_risk": 0.35999999999999993,
            "avg_latency_sec": 0.4229785714285713,
            "valid_output_rate": 1.0
          },
          "2": {
            "sample_count": 18,
            "capability": 0.3333333333333333,
            "semantic_risk": 0.37333333333333324,
            "avg_latency_sec": 0.4869222222222223,
            "valid_output_rate": 1.0
          },
          "3": {
            "sample_count": 21,
            "capability": 0.47619047619047616,
            "semantic_risk": 0.2933333333333333,
            "avg_latency_sec": 0.4460476190476191,
            "valid_output_rate": 1.0
          },
          "4": {
            "sample_count": 172,
            "capability": 0.37209302325581395,
            "semantic_risk": 0.3516279069767447,
            "avg_latency_sec": 0.4676627906976741,
            "valid_output_rate": 1.0
          }
        }
      },
      "operational": {
        "avg_latency_sec": 0.49226326530612197,
        "p50_latency_sec": 0.4057,
        "p95_latency_sec": 0.7694,
        "p99_latency_sec": 2.8741040000000027,
        "throughput_qps": 2.0314333213105664,
        "success_rate": 1.0,
        "error_rate": 0.0
      },
      "model_key": "qwen2.5_0.5b",
      "display_name": "qwen2.5:0.5b"
    },
    "qwen2.5_3b": {
      "sample_count": 245,
      "capability": {
        "score": 0.5877551020408164,
        "semantic_risk": 0.23085714285714312,
        "primary_metric_score_name": "accuracy",
        "valid_output_rate": 1.0,
        "per_bin": {
          "0": {
            "sample_count": 20,
            "capability": 0.7,
            "semantic_risk": 0.16799999999999998,
            "avg_latency_sec": 1.803835,
            "valid_output_rate": 1.0
          },
          "1": {
            "sample_count": 14,
            "capability": 0.7857142857142857,
            "semantic_risk": 0.11999999999999998,
            "avg_latency_sec": 1.3312714285714289,
            "valid_output_rate": 1.0
          },
          "2": {
            "sample_count": 18,
            "capability": 0.7222222222222222,
            "semantic_risk": 0.15555555555555556,
            "avg_latency_sec": 1.4833333333333334,
            "valid_output_rate": 1.0
          },
          "3": {
            "sample_count": 21,
            "capability": 0.47619047619047616,
            "semantic_risk": 0.2933333333333333,
            "avg_latency_sec": 1.333204761904762,
            "valid_output_rate": 1.0
          },
          "4": {
            "sample_count": 172,
            "capability": 0.5581395348837209,
            "semantic_risk": 0.24744186046511632,
            "avg_latency_sec": 1.3111186046511636,
            "valid_output_rate": 1.0
          }
        }
      },
      "operational": {
        "avg_latency_sec": 1.3670375510204074,
        "p50_latency_sec": 1.2332,
        "p95_latency_sec": 2.1922999999999995,
        "p99_latency_sec": 4.341684000000003,
        "throughput_qps": 0.7315088010958901,
        "success_rate": 1.0,
        "error_rate": 0.0
      },
      "model_key": "qwen2.5_3b",
      "display_name": "qwen2.5:3b"
    },
    "qwen2.5_7b": {
      "sample_count": 245,
      "capability": {
        "score": 0.47346938775510206,
        "semantic_risk": 0.2948571428571434,
        "primary_metric_score_name": "accuracy",
        "valid_output_rate": 1.0,
        "per_bin": {
          "0": {
            "sample_count": 20,
            "capability": 0.55,
            "semantic_risk": 0.25199999999999995,
            "avg_latency_sec": 4.097644999999999,
            "valid_output_rate": 1.0
          },
          "1": {
            "sample_count": 14,
            "capability": 0.6428571428571429,
            "semantic_risk": 0.19999999999999998,
            "avg_latency_sec": 2.6207285714285717,
            "valid_output_rate": 1.0
          },
          "2": {
            "sample_count": 18,
            "capability": 0.5,
            "semantic_risk": 0.27999999999999997,
            "avg_latency_sec": 2.5344,
            "valid_output_rate": 1.0
          },
          "3": {
            "sample_count": 21,
            "capability": 0.3333333333333333,
            "semantic_risk": 0.3733333333333332,
            "avg_latency_sec": 2.54147619047619,
            "valid_output_rate": 1.0
          },
          "4": {
            "sample_count": 172,
            "capability": 0.46511627906976744,
            "semantic_risk": 0.2995348837209305,
            "avg_latency_sec": 8.080041279069766,
            "valid_output_rate": 1.0
          }
        }
      },
      "operational": {
        "avg_latency_sec": 6.560817959183674,
        "p50_latency_sec": 3.0414,
        "p95_latency_sec": 19.475740000000002,
        "p99_latency_sec": 23.966180000000005,
        "throughput_qps": 0.15242001930570626,
        "success_rate": 1.0,
        "error_rate": 0.0
      },
      "model_key": "qwen2.5_7b",
      "display_name": "qwen2.5:7b"
    },
    "llama_llama-3.3-70b-versatile": {
      "sample_count": 245,
      "capability": {
        "score": 0.6244897959183674,
        "semantic_risk": 0.21028571428571446,
        "primary_metric_score_name": "accuracy",
        "valid_output_rate": 1.0,
        "per_bin": {
          "0": {
            "sample_count": 20,
            "capability": 0.7,
            "semantic_risk": 0.16799999999999998,
            "avg_latency_sec": 0.5500200000000002,
            "valid_output_rate": 1.0
          },
          "1": {
            "sample_count": 14,
            "capability": 0.7857142857142857,
            "semantic_risk": 0.11999999999999998,
            "avg_latency_sec": 0.5992142857142859,
            "valid_output_rate": 1.0
          },
          "2": {
            "sample_count": 18,
            "capability": 0.6666666666666666,
            "semantic_risk": 0.18666666666666665,
            "avg_latency_sec": 0.5946611111111112,
            "valid_output_rate": 1.0
          },
          "3": {
            "sample_count": 21,
            "capability": 0.5238095238095238,
            "semantic_risk": 0.2666666666666666,
            "avg_latency_sec": 0.597947619047619,
            "valid_output_rate": 1.0
          },
          "4": {
            "sample_count": 172,
            "capability": 0.6104651162790697,
            "semantic_risk": 0.21813953488372087,
            "avg_latency_sec": 0.31483604651162805,
            "valid_output_rate": 1.0
          }
        }
      },
      "operational": {
        "avg_latency_sec": 0.39511020408163267,
        "p50_latency_sec": 0.4019,
        "p95_latency_sec": 0.8142199999999999,
        "p99_latency_sec": 0.8356,
        "throughput_qps": 2.5309394433999297,
        "success_rate": 1.0,
        "error_rate": 0.0
      },
      "model_key": "llama_llama-3.3-70b-versatile",
      "display_name": "groq:llama-3.3-70b-versatile"
    }
  }
}