{
  "task": "classification",
  "primary_metric": "accuracy",
  "baseline_model": "groq:llama-3.3-70b-versatile",
  "models": {
    "tinyllama_1.1b": {
      "sample_count": 75,
      "capability": {
        "score": 0.9333333333333333,
        "semantic_risk": 0.06666666666666667,
        "primary_metric_score_name": "accuracy",
        "valid_output_rate": 0.9866666666666667,
        "per_bin": {
          "0": {
            "sample_count": 15,
            "capability": 1.0,
            "semantic_risk": 0.0,
            "avg_latency_sec": 44.43217101097107,
            "valid_output_rate": 1.0
          },
          "1": {
            "sample_count": 15,
            "capability": 0.8666666666666667,
            "semantic_risk": 0.13333333333333333,
            "avg_latency_sec": 54.14560645421346,
            "valid_output_rate": 1.0
          },
          "2": {
            "sample_count": 15,
            "capability": 1.0,
            "semantic_risk": 0.0,
            "avg_latency_sec": 54.06107732454936,
            "valid_output_rate": 1.0
          },
          "3": {
            "sample_count": 15,
            "capability": 0.9333333333333333,
            "semantic_risk": 0.06666666666666667,
            "avg_latency_sec": 44.506534020105995,
            "valid_output_rate": 0.9333333333333333
          },
          "4": {
            "sample_count": 15,
            "capability": 0.8666666666666667,
            "semantic_risk": 0.13333333333333333,
            "avg_latency_sec": 41.57742561377648,
            "valid_output_rate": 1.0
          }
        }
      },
      "operational": {
        "avg_latency_sec": 47.74456288472327,
        "p50_latency_sec": 49.37743616104126,
        "p95_latency_sec": 65.62202868461608,
        "p99_latency_sec": 73.87227142333984,
        "throughput_qps": 0.020944793282838242,
        "success_rate": 0.9866666666666667,
        "error_rate": 0.013333333333333334
      },
      "model_key": "tinyllama_1.1b",
      "display_name": "tinyllama:1.1b"
    },
    "qwen2.5_1.5b": {
      "sample_count": 75,
      "capability": {
        "score": 0.9466666666666667,
        "semantic_risk": 0.05333333333333334,
        "primary_metric_score_name": "accuracy",
        "valid_output_rate": 1.0,
        "per_bin": {
          "0": {
            "sample_count": 15,
            "capability": 1.0,
            "semantic_risk": 0.0,
            "avg_latency_sec": 4.340163326263427,
            "valid_output_rate": 1.0
          },
          "1": {
            "sample_count": 15,
            "capability": 0.8666666666666667,
            "semantic_risk": 0.13333333333333333,
            "avg_latency_sec": 3.360729964574178,
            "valid_output_rate": 1.0
          },
          "2": {
            "sample_count": 15,
            "capability": 1.0,
            "semantic_risk": 0.0,
            "avg_latency_sec": 2.6640320142110188,
            "valid_output_rate": 1.0
          },
          "3": {
            "sample_count": 15,
            "capability": 0.9333333333333333,
            "semantic_risk": 0.06666666666666667,
            "avg_latency_sec": 3.1107478459676106,
            "valid_output_rate": 1.0
          },
          "4": {
            "sample_count": 15,
            "capability": 0.9333333333333333,
            "semantic_risk": 0.06666666666666667,
            "avg_latency_sec": 2.957916037241618,
            "valid_output_rate": 1.0
          }
        }
      },
      "operational": {
        "avg_latency_sec": 3.2867178376515707,
        "p50_latency_sec": 3.010801076889038,
        "p95_latency_sec": 6.201365137100219,
        "p99_latency_sec": 6.982181615829471,
        "throughput_qps": 0.30425489786324983,
        "success_rate": 0.9866666666666667,
        "error_rate": 0.013333333333333334
      },
      "model_key": "qwen2.5_1.5b",
      "display_name": "qwen2.5:1.5b"
    },
    "phi3_mini": {
      "sample_count": 75,
      "capability": {
        "score": 1.0,
        "semantic_risk": 0.0,
        "primary_metric_score_name": "accuracy",
        "valid_output_rate": 1.0,
        "per_bin": {
          "0": {
            "sample_count": 15,
            "capability": 1.0,
            "semantic_risk": 0.0,
            "avg_latency_sec": 8.942021131515503,
            "valid_output_rate": 1.0
          },
          "1": {
            "sample_count": 15,
            "capability": 1.0,
            "semantic_risk": 0.0,
            "avg_latency_sec": 9.842794672648113,
            "valid_output_rate": 1.0
          },
          "2": {
            "sample_count": 15,
            "capability": 1.0,
            "semantic_risk": 0.0,
            "avg_latency_sec": 10.275562111536662,
            "valid_output_rate": 1.0
          },
          "3": {
            "sample_count": 15,
            "capability": 1.0,
            "semantic_risk": 0.0,
            "avg_latency_sec": 10.2978897412618,
            "valid_output_rate": 1.0
          },
          "4": {
            "sample_count": 15,
            "capability": 1.0,
            "semantic_risk": 0.0,
            "avg_latency_sec": 8.018645763397217,
            "valid_output_rate": 1.0
          }
        }
      },
      "operational": {
        "avg_latency_sec": 9.475382684071858,
        "p50_latency_sec": 8.324258804321289,
        "p95_latency_sec": 21.144999790191648,
        "p99_latency_sec": 21.442213225364686,
        "throughput_qps": 0.10553663459746089,
        "success_rate": 0.8266666666666667,
        "error_rate": 0.17333333333333334
      },
      "model_key": "phi3_mini",
      "display_name": "phi3:mini"
    },
    "llama_llama-3.3-70b-versatile": {
      "sample_count": 75,
      "capability": {
        "score": 0.9866666666666667,
        "semantic_risk": 0.013333333333333334,
        "primary_metric_score_name": "accuracy",
        "valid_output_rate": 1.0,
        "per_bin": {
          "0": {
            "sample_count": 15,
            "capability": 1.0,
            "semantic_risk": 0.0,
            "avg_latency_sec": 3.0345447858174643,
            "valid_output_rate": 1.0
          },
          "1": {
            "sample_count": 15,
            "capability": 0.9333333333333333,
            "semantic_risk": 0.06666666666666667,
            "avg_latency_sec": 3.357085959116618,
            "valid_output_rate": 1.0
          },
          "2": {
            "sample_count": 15,
            "capability": 1.0,
            "semantic_risk": 0.0,
            "avg_latency_sec": 3.252493063608805,
            "valid_output_rate": 1.0
          },
          "3": {
            "sample_count": 15,
            "capability": 1.0,
            "semantic_risk": 0.0,
            "avg_latency_sec": 3.2406269709269204,
            "valid_output_rate": 1.0
          },
          "4": {
            "sample_count": 15,
            "capability": 1.0,
            "semantic_risk": 0.0,
            "avg_latency_sec": 3.2488578955332437,
            "valid_output_rate": 1.0
          }
        }
      },
      "operational": {
        "avg_latency_sec": 3.2267217350006105,
        "p50_latency_sec": 3.363863706588745,
        "p95_latency_sec": 4.098176503181458,
        "p99_latency_sec": 4.268438520431519,
        "throughput_qps": 0.309912066216584,
        "success_rate": 1.0,
        "error_rate": 0.14666666666666667
      },
      "model_key": "llama_llama-3.3-70b-versatile",
      "display_name": "groq:llama-3.3-70b-versatile"
    }
  }
}