bin,n_samples,success_rate,avg_latency,validity_rate
0,15,0.06666666666666667,3.3832186222076417,0.06666666666666667
1,15,0.06666666666666667,3.5013418356577555,0.06666666666666667
2,15,0.06666666666666667,3.5028630256652833,0.06666666666666667
3,15,0.0,3.642585611343384,0.0
4,15,0.0,3.55420290629069,0.0
