{
  "modal_verb_count": 0.37160375,
  "negation_count": 0.4062125,
  "sentence_count": 0.35806475000000004,
  "readability_fk": 0.0,
  "format_keyword_count": 0.6551465
}