{
  "numeric_density": 0.0,
  "modal_verb_count": 0.17662424999999998,
  "readability_fk": 0.0,
  "sentence_count": 0.295864,
  "symbol_count": 0.11587075
}