{
  "source_length": 0.33568575,
  "sentence_count": 0.45016725,
  "readability_fk": 0.0,
  "entity_count": 0.0,
  "avg_sentence_length": 0.42713999999999996
}