bin,n_samples,success_rate,avg_latency,validity_rate
0,45,1.0,14.775620132022434,1.0
1,42,1.0,14.093501028560457,1.0
2,30,1.0,10.557583959897359,1.0
3,30,1.0,11.391631023089092,1.0
4,30,1.0,10.601866912841796,1.0
