{
  "task": "code_generation",
  "model": "qwen2.5_3b",
  "features": [
    "token_count",
    "type_token_ratio",
    "avg_word_length",
    "code_symbol_density",
    "digit_ratio",
    "algorithm_keyword_density",
    "constraint_keyword_density",
    "modal_verb_ratio",
    "flesch_kincaid_grade",
    "gunning_fog",
    "embedding_query_context_cosine"
  ],
  "tau": 0.1,
  "class_weight": "balanced",
  "scaler_mean": [
    66.78231292517007,
    0.6889149781929834,
    4.916108090336932,
    0.028455752777159227,
    0.012116215930047218,
    0.0025498441374813986,
    0.067480649554124,
    0.002502268327087835,
    8.665125166268183,
    9.273047020377925,
    0.2537451985919354
  ],
  "scaler_scale": [
    58.30876260058107,
    0.08693246056020888,
    0.38615217307665706,
    0.03717398621068312,
    0.022390073074650834,
    0.011265393644872798,
    0.024159272439152935,
    0.007840979002758956,
    1.7170029136760374,
    2.4864072836212663,
    0.17284935140710597
  ],
  "weights": [
    0.12499625566488488,
    -0.44459781055723724,
    -0.07277318473989287,
    -0.39986100979890127,
    -0.5367701989926001,
    -0.19398316113853095,
    0.3561045204706055,
    -0.5079840481246156,
    -0.531896728680555,
    0.565468006672421,
    -0.29752214106074354
  ],
  "bias": -0.07361870523501908,
  "metrics": {
    "train": {
      "n": 147.0,
      "positive_rate": 0.5170068027210885,
      "avg_pred_fail_prob": 0.5046666467486295,
      "f1": 0.7102803738317757,
      "accuracy": 0.5782312925170068
    },
    "val": {
      "n": 49.0,
      "positive_rate": 0.6326530612244898,
      "avg_pred_fail_prob": 0.5160148837766909,
      "f1": 0.8,
      "accuracy": 0.6938775510204082
    },
    "test": {
      "n": 54.0,
      "positive_rate": 0.4444444444444444,
      "avg_pred_fail_prob": 0.3885209270013768,
      "f1": 0.6575342465753424,
      "accuracy": 0.5370370370370371
    }
  }
}