{
  "task": "summarization",
  "model": "llama_llama-3.3-70b-versatile",
  "features": [
    "source_length",
    "sentence_count",
    "readability_fk",
    "entity_count",
    "avg_sentence_length"
  ],
  "tau": 0.65,
  "class_weight": "balanced",
  "scaler_mean": [
    201.48,
    10.333333333333334,
    10.196575093390745,
    34.46666666666667,
    20.029402034612563
  ],
  "scaler_scale": [
    50.22412700419324,
    3.1488975142985454,
    1.9839454124354161,
    12.300496828267638,
    3.870300656028386
  ],
  "weights": [
    -0.19439273509064442,
    0.026550511941864037,
    -0.27630598794757244,
    -0.3760558946218124,
    0.01750890399846297
  ],
  "bias": -0.07365012245096528,
  "metrics": {
    "train": {
      "n": 150.0,
      "positive_rate": 0.28,
      "avg_pred_fail_prob": 0.4817406518653675,
      "f1": 0.32786885245901637,
      "accuracy": 0.7266666666666667
    },
    "val": {
      "n": 44.0,
      "positive_rate": 0.29545454545454547,
      "avg_pred_fail_prob": 0.5097863893107822,
      "f1": 0.5454545454545454,
      "accuracy": 0.7727272727272727
    },
    "test": {
      "n": 56.0,
      "positive_rate": 0.23214285714285715,
      "avg_pred_fail_prob": 0.4934228500173702,
      "f1": 0.16666666666666666,
      "accuracy": 0.6428571428571429
    }
  }
}