{
  "task": "summarization",
  "model": "qwen2.5_0.5b",
  "features": [
    "source_length",
    "sentence_count",
    "readability_fk",
    "entity_count",
    "avg_sentence_length"
  ],
  "tau": 0.6,
  "class_weight": "balanced",
  "scaler_mean": [
    201.48,
    10.333333333333334,
    10.196575093390745,
    34.46666666666667,
    20.029402034612563
  ],
  "scaler_scale": [
    50.22412700419324,
    3.1488975142985454,
    1.9839454124354161,
    12.300496828267638,
    3.870300656028386
  ],
  "weights": [
    -0.0894302717345806,
    -0.02816731813868099,
    -0.05524878305018114,
    -0.20593862635183044,
    -0.2241374447264631
  ],
  "bias": -0.028374733076877018,
  "metrics": {
    "train": {
      "n": 150.0,
      "positive_rate": 0.32666666666666666,
      "avg_pred_fail_prob": 0.49279558178429245,
      "f1": 0.34782608695652173,
      "accuracy": 0.7
    },
    "val": {
      "n": 44.0,
      "positive_rate": 0.2727272727272727,
      "avg_pred_fail_prob": 0.5102266384075155,
      "f1": 0.5,
      "accuracy": 0.7727272727272727
    },
    "test": {
      "n": 56.0,
      "positive_rate": 0.35714285714285715,
      "avg_pred_fail_prob": 0.5019132471101624,
      "f1": 0.375,
      "accuracy": 0.6428571428571429
    }
  }
}