{
  "task": "summarization",
  "model": "qwen2.5_7b",
  "features": [
    "source_length",
    "sentence_count",
    "readability_fk",
    "entity_count",
    "avg_sentence_length"
  ],
  "tau": 0.25,
  "class_weight": "balanced",
  "scaler_mean": [
    201.48,
    10.333333333333334,
    10.196575093390745,
    34.46666666666667,
    20.029402034612563
  ],
  "scaler_scale": [
    50.22412700419324,
    3.1488975142985454,
    1.9839454124354161,
    12.300496828267638,
    3.870300656028386
  ],
  "weights": [
    0.27125170337004706,
    -0.05782478951477455,
    0.15399276282902039,
    -0.6922309624057913,
    -0.39733165856524016
  ],
  "bias": -0.09625087782254607,
  "metrics": {
    "train": {
      "n": 150.0,
      "positive_rate": 0.28,
      "avg_pred_fail_prob": 0.4796554916970232,
      "f1": 0.44808743169398907,
      "accuracy": 0.32666666666666666
    },
    "val": {
      "n": 44.0,
      "positive_rate": 0.29545454545454547,
      "avg_pred_fail_prob": 0.5029498583707466,
      "f1": 0.49056603773584906,
      "accuracy": 0.38636363636363635
    },
    "test": {
      "n": 56.0,
      "positive_rate": 0.30357142857142855,
      "avg_pred_fail_prob": 0.5114393531594191,
      "f1": 0.4722222222222222,
      "accuracy": 0.32142857142857145
    }
  }
}