bin,n_samples,success_rate,avg_latency,validity_rate
0,15,1.0,6.176350132624308,1.0
1,15,1.0,7.676933272679647,1.0
2,15,1.0,6.986743227640788,1.0
3,15,1.0,6.751708936691284,1.0
4,15,1.0,6.195283571879069,1.0
