{
  "task": "text_generation",
  "model": "qwen2.5_7b",
  "seed": 42,
  "features": [
    "token_count",
    "type_token_ratio",
    "avg_word_length",
    "entity_density",
    "flesch_kincaid_grade",
    "gunning_fog",
    "embedding_query_context_cosine"
  ],
  "feature_selection": {
    "initial_count": 10,
    "final_count": 7,
    "dropped": {
      "null_or_nonfinite": [],
      "low_variance": [
        "creativity_keyword_density",
        "topic_keyword_density"
      ],
      "high_correlation": [
        "constraint_keyword_density"
      ]
    }
  },
  "tau": 0.65,
  "class_weight": "balanced",
  "scaler_mean": [
    33.9,
    0.9174861111111111,
    4.722958333333334,
    0.042930555555555555,
    6.914357692307694,
    8.534102564102566,
    0.2772727032502492
  ],
  "scaler_scale": [
    0.9949874371066197,
    0.005468748897707131,
    0.13515670988468112,
    0.008673597211091077,
    0.6059959695846663,
    0.7107242280495444,
    0.026468159998570835
  ],
  "weights": [
    -0.25288087487185124,
    0.3707512697365527,
    -1.7450478174917445,
    -0.2373532045358697,
    -1.7692465848804846,
    0.6070769516226633,
    0.6831104247082604
  ],
  "bias": -2.5615765875411025,
  "metrics": {
    "train": {
      "n": 120.0,
      "positive_rate": 0.016666666666666666,
      "avg_pred_fail_prob": 0.24343498251522877,
      "f1": 0.23529411764705882,
      "accuracy": 0.8916666666666667,
      "roc_auc": 0.9703389830508474,
      "pr_auc": 0.30952380952380953,
      "brier": 0.12212170134299405,
      "ece_10bin": 0.2267683158485621
    },
    "val": {
      "n": 39.0,
      "positive_rate": 0.05128205128205128,
      "avg_pred_fail_prob": 0.18581803289201362,
      "f1": 0.6666666666666666,
      "accuracy": 0.9487179487179487,
      "roc_auc": 0.9459459459459459,
      "pr_auc": 0.41666666666666663,
      "brier": 0.07728010387277418,
      "ece_10bin": 0.1486924600220371
    },
    "test": {
      "n": 24.0,
      "positive_rate": 0.041666666666666664,
      "avg_pred_fail_prob": 0.23249655517637993,
      "f1": 0.0,
      "accuracy": 0.8333333333333334,
      "roc_auc": 0.04347826086956519,
      "pr_auc": 0.043478260869565216,
      "brier": 0.1825423835413413,
      "ece_10bin": 0.23177695364686807
    }
  }
}