bin,n_samples,success_rate,avg_latency,validity_rate
0,15,0.8666666666666667,3.720787254969279,0.8666666666666667
1,15,1.0,1.8519274552663167,1.0
2,15,1.0,2.1439622243245444,1.0
3,15,1.0,2.1681042035420734,1.0
4,15,1.0,2.131947724024455,1.0
