{
  "task": "instruction_following",
  "model": "qwen2.5_3b",
  "seed": 44,
  "features": [
    "token_count",
    "sentence_count",
    "avg_sentence_length",
    "imperative_root_ratio",
    "modal_verb_ratio",
    "format_keyword_density",
    "constraint_keyword_density",
    "list_marker_density",
    "step_marker_density",
    "flesch_kincaid_grade",
    "embedding_query_context_cosine"
  ],
  "feature_selection": {
    "initial_count": 11,
    "final_count": 11,
    "dropped": {
      "null_or_nonfinite": [],
      "low_variance": [],
      "high_correlation": []
    }
  },
  "tau": 0.2,
  "class_weight": "balanced",
  "scaler_mean": [
    42.9041095890411,
    2.863013698630137,
    15.970547945205478,
    0.8182648401826484,
    0.023506142677353698,
    0.018644733015103845,
    0.03292676898038687,
    0.043835616438356165,
    0.05185909980430528,
    6.9030938157485195,
    0.21168677756333187
  ],
  "scaler_scale": [
    17.390490539184615,
    1.1972007132296376,
    5.4551129581530775,
    0.26180884052467945,
    0.025415559865501196,
    0.04207016269660541,
    0.026381255786522773,
    0.17919800297939756,
    0.15852235360062725,
    2.4978730676664895,
    0.15311807687042545
  ],
  "weights": [
    0.17466858346087907,
    0.20054512524687307,
    -0.04496654011845434,
    0.475886650355336,
    0.12732344503178852,
    0.21912582815907916,
    0.2224373825924211,
    -0.17344262641756933,
    -0.691583535669556,
    0.23714430093350927,
    -0.5851099223968077
  ],
  "bias": -0.24119694003739095,
  "metrics": {
    "train": {
      "n": 146.0,
      "positive_rate": 0.19863013698630136,
      "avg_pred_fail_prob": 0.4602793599873648,
      "f1": 0.36942675159235666,
      "accuracy": 0.3219178082191781,
      "roc_auc": 0.7061597406424993,
      "pr_auc": 0.31040828501465617,
      "brier": 0.22190882276788387,
      "ece_10bin": 0.26164922300106336
    },
    "val": {
      "n": 50.0,
      "positive_rate": 0.24,
      "avg_pred_fail_prob": 0.48306892166472326,
      "f1": 0.4067796610169492,
      "accuracy": 0.3,
      "roc_auc": 0.5109649122807017,
      "pr_auc": 0.2552442662786281,
      "brier": 0.2762419397141392,
      "ece_10bin": 0.25519279932180666
    },
    "test": {
      "n": 54.0,
      "positive_rate": 0.12962962962962962,
      "avg_pred_fail_prob": 0.4873780085872536,
      "f1": 0.24561403508771928,
      "accuracy": 0.2037037037037037,
      "roc_auc": 0.4741641337386018,
      "pr_auc": 0.13621791869726568,
      "brier": 0.28225395586408736,
      "ece_10bin": 0.3577483789576239
    }
  }
}