bin,n_samples,success_rate,avg_latency,validity_rate
0,15,0.8,7.201601139704386,0.8
1,15,0.8,7.266841713587443,0.8
2,15,1.0,6.188931830724081,1.0
3,15,0.9333333333333333,5.416025686264038,0.9333333333333333
4,15,0.9333333333333333,5.291221348444621,0.9333333333333333
