{
  "source_split": "train",
  "model_type": "task_family_difficulty_weights",
  "families": {
    "classification": {
      "weights": {
        "n_in": 0.0017696802612338373,
        "entropy": 0.00085526148352034,
        "reasoning_proxy": 9.999999980000002e-10,
        "constraint_count": 0.4855755948825994,
        "parametric_dependence": 0.5117994613726464,
        "dependency_distance": 9.999999980000002e-10
      },
      "norm_stats": {
        "n_in": {
          "min": 7.0,
          "max": 15.0
        },
        "entropy": {
          "min": 2.807354922057604,
          "max": 3.906890595608518
        },
        "reasoning_proxy": {
          "min": 0.0,
          "max": 1.45
        },
        "constraint_count": {
          "min": 0.0,
          "max": 1.0
        },
        "parametric_dependence": {
          "min": 0.05555555555555555,
          "max": 0.5277777777777778
        },
        "dependency_distance": {
          "min": 1.0,
          "max": 1.875
        }
      },
      "fit_config": {
        "l2": 0.0001,
        "entropy_reg": 0.01,
        "steps": 800,
        "learning_rate": 0.05,
        "cv_folds": 3
      }
    },
    "code_generation": {
      "weights": {
        "n_in": 9.99999998e-10,
        "entropy": 0.39728036893029844,
        "reasoning_proxy": 0.5888131324780891,
        "constraint_count": 0.0019525588199729705,
        "parametric_dependence": 0.011953937771639347,
        "dependency_distance": 9.99999998e-10
      },
      "norm_stats": {
        "n_in": {
          "min": 4.0,
          "max": 13.0
        },
        "entropy": {
          "min": 2.0,
          "max": 3.7004397181410926
        },
        "reasoning_proxy": {
          "min": 0.0,
          "max": 0.75
        },
        "constraint_count": {
          "min": 0.0,
          "max": 1.0
        },
        "parametric_dependence": {
          "min": 0.05555555555555555,
          "max": 0.2222222222222222
        },
        "dependency_distance": {
          "min": 1.0,
          "max": 6.0
        }
      },
      "fit_config": {
        "l2": 0.0001,
        "entropy_reg": 0.01,
        "steps": 800,
        "learning_rate": 0.05,
        "cv_folds": 3
      }
    },
    "information_extraction": {
      "weights": {
        "n_in": 0.027186683109022735,
        "entropy": 0.03425963599867519,
        "reasoning_proxy": 0.04955621069774914,
        "constraint_count": 0.8200426371025814,
        "parametric_dependence": 0.041768149982948824,
        "dependency_distance": 0.027186683109022735
      },
      "norm_stats": {
        "n_in": {
          "min": 8.0,
          "max": 48.0
        },
        "entropy": {
          "min": 3.0,
          "max": 5.043950553805298
        },
        "reasoning_proxy": {
          "min": 0.25,
          "max": 4.1
        },
        "constraint_count": {
          "min": 0.0,
          "max": 1.0
        },
        "parametric_dependence": {
          "min": 0.1111111111111111,
          "max": 0.5833333333333334
        },
        "dependency_distance": {
          "min": 1.0,
          "max": 6.0
        }
      },
      "fit_config": {
        "l2": 0.01,
        "entropy_reg": 0.01,
        "steps": 800,
        "learning_rate": 0.05,
        "cv_folds": 3
      }
    },
    "instruction_following": {
      "weights": {
        "n_in": 9.99999995e-10,
        "entropy": 9.99999995e-10,
        "reasoning_proxy": 0.9999999949999998,
        "constraint_count": 9.99999995e-10,
        "parametric_dependence": 9.99999995e-10,
        "dependency_distance": 9.99999995e-10
      },
      "norm_stats": {
        "n_in": {
          "min": 4.0,
          "max": 20.0
        },
        "entropy": {
          "min": 2.0,
          "max": 4.1219280948873624
        },
        "reasoning_proxy": {
          "min": 0.0,
          "max": 1.25
        },
        "constraint_count": {
          "min": 0.0,
          "max": 1.0
        },
        "parametric_dependence": {
          "min": 0.05555555555555555,
          "max": 0.3888888888888889
        },
        "dependency_distance": {
          "min": 1.0,
          "max": 3.0
        }
      },
      "fit_config": {
        "l2": 0.01,
        "entropy_reg": 0.01,
        "steps": 800,
        "learning_rate": 0.05,
        "cv_folds": 3
      }
    },
    "maths": {
      "weights": {
        "n_in": 9.999999969999998e-10,
        "entropy": 0.6302744310192592,
        "reasoning_proxy": 0.07881048016588586,
        "constraint_count": 0.2909150858148547,
        "parametric_dependence": 9.999999969999998e-10,
        "dependency_distance": 9.999999969999998e-10
      },
      "norm_stats": {
        "n_in": {
          "min": 2.0,
          "max": 23.0
        },
        "entropy": {
          "min": 1.0,
          "max": 4.523561956057013
        },
        "reasoning_proxy": {
          "min": 0.0,
          "max": 1.6
        },
        "constraint_count": {
          "min": 0.0,
          "max": 1.0
        },
        "parametric_dependence": {
          "min": 0.05555555555555555,
          "max": 0.2222222222222222
        },
        "dependency_distance": {
          "min": 1.0,
          "max": 12.0
        }
      },
      "fit_config": {
        "l2": 0.01,
        "entropy_reg": 0.0,
        "steps": 800,
        "learning_rate": 0.05,
        "cv_folds": 3
      }
    },
    "retrieval_grounded": {
      "weights": {
        "n_in": 9.99999997e-10,
        "entropy": 9.99999997e-10,
        "reasoning_proxy": 0.6989051641451939,
        "constraint_count": 0.3002539496026564,
        "parametric_dependence": 0.0008408832521496998,
        "dependency_distance": 9.99999997e-10
      },
      "norm_stats": {
        "n_in": {
          "min": 9.0,
          "max": 38.0
        },
        "entropy": {
          "min": 3.169925001442312,
          "max": 4.879506460812008
        },
        "reasoning_proxy": {
          "min": 0.25,
          "max": 2.85
        },
        "constraint_count": {
          "min": 0.0,
          "max": 1.0
        },
        "parametric_dependence": {
          "min": 0.1111111111111111,
          "max": 0.6111111111111112
        },
        "dependency_distance": {
          "min": 1.125,
          "max": 23.0
        }
      },
      "fit_config": {
        "l2": 0.001,
        "entropy_reg": 0.01,
        "steps": 800,
        "learning_rate": 0.05,
        "cv_folds": 3
      }
    },
    "summarization": {
      "weights": {
        "n_in": 9.999999960000003e-10,
        "entropy": 9.999999960000003e-10,
        "reasoning_proxy": 9.999999960000003e-10,
        "constraint_count": 9.999999960000003e-10,
        "parametric_dependence": 0.0011186380212923897,
        "dependency_distance": 0.9988813579787077
      },
      "norm_stats": {
        "n_in": {
          "min": 6.0,
          "max": 68.0
        },
        "entropy": {
          "min": 2.584962500721156,
          "max": 5.8521687236032855
        },
        "reasoning_proxy": {
          "min": 0.0,
          "max": 3.7
        },
        "constraint_count": {
          "min": 0.0,
          "max": 2.0
        },
        "parametric_dependence": {
          "min": 0.05555555555555555,
          "max": 0.5833333333333334
        },
        "dependency_distance": {
          "min": 1.0,
          "max": 36.0
        }
      },
      "fit_config": {
        "l2": 0.0001,
        "entropy_reg": 0.01,
        "steps": 800,
        "learning_rate": 0.05,
        "cv_folds": 3
      }
    },
    "text_generation": {
      "weights": {
        "n_in": 9.999999969999998e-10,
        "entropy": 0.39716291440034285,
        "reasoning_proxy": 0.037215804183106195,
        "constraint_count": 0.5656212784165507,
        "parametric_dependence": 9.999999969999998e-10,
        "dependency_distance": 9.999999969999998e-10
      },
      "norm_stats": {
        "n_in": {
          "min": 4.0,
          "max": 25.0
        },