{
  "source_split": "train",
  "families": {
    "classification": {
      "weights": {
        "n_in": 0.11068784137564991,
        "entropy": 0.17152806687391303,
        "reasoning_proxy": 0.11068784137564992,
        "constraint_count": 0.20236541679159575,
        "parametric_dependence": 0.20236541679159575,
        "dependency_distance": 0.20236541679159575
      },
      "norm_stats": {
        "n_in": {
          "min": 5.0,
          "max": 18.0
        },
        "entropy": {
          "min": 2.321928094887362,
          "max": 4.08746284125034
        },
        "reasoning_proxy": {
          "min": 0.25,
          "max": 0.9
        },
        "constraint_count": {
          "min": 0.0,
          "max": 1.0
        },
        "parametric_dependence": {
          "min": 0.0,
          "max": 1.0
        },
        "dependency_distance": {
          "min": 0.0,
          "max": 1.0
        }
      }
    },
    "code": {
      "weights": {
        "n_in": 0.0,
        "entropy": 0.5234159651416908,
        "reasoning_proxy": 0.0,
        "constraint_count": 0.15886134495276977,
        "parametric_dependence": 0.15886134495276977,
        "dependency_distance": 0.15886134495276977
      },
      "norm_stats": {
        "n_in": {
          "min": 4.0,
          "max": 14.0
        },
        "entropy": {
          "min": 2.0,
          "max": 3.7004397181410926
        },
        "reasoning_proxy": {
          "min": 0.2,
          "max": 0.7000000000000001
        },
        "constraint_count": {
          "min": 0.0,
          "max": 1.0
        },
        "parametric_dependence": {
          "min": 0.0,
          "max": 1.0
        },
        "dependency_distance": {
          "min": 0.0,
          "max": 1.0
        }
      }
    },
    "extraction": {
      "weights": {
        "n_in": 0.0,
        "entropy": 0.5923693207038647,
        "reasoning_proxy": 0.0,
        "constraint_count": 0.13587689309871173,
        "parametric_dependence": 0.13587689309871173,
        "dependency_distance": 0.13587689309871173
      },
      "norm_stats": {
        "n_in": {
          "min": 7.0,
          "max": 63.0
        },
        "entropy": {
          "min": 2.807354922057604,
          "max": 5.3864976862162095
        },
        "reasoning_proxy": {
          "min": 0.35000000000000003,
          "max": 3.1500000000000004
        },
        "constraint_count": {
          "min": 0.0,
          "max": 1.0
        },
        "parametric_dependence": {
          "min": 0.0,
          "max": 1.0
        },
        "dependency_distance": {
          "min": 0.0,
          "max": 1.0
        }
      }
    },
    "instruction": {
      "weights": {
        "n_in": 0.0,
        "entropy": 0.6176569963566076,
        "reasoning_proxy": 0.0,
        "constraint_count": 0.12744766788113077,
        "parametric_dependence": 0.12744766788113077,
        "dependency_distance": 0.12744766788113077
      },
      "norm_stats": {
        "n_in": {
          "min": 3.0,
          "max": 26.0
        },
        "entropy": {
          "min": 1.584962500721156,
          "max": 4.247927513443583
        },
        "reasoning_proxy": {
          "min": 0.15000000000000002,
          "max": 1.3
        },
        "constraint_count": {
          "min": 0.0,
          "max": 1.0
        },
        "parametric_dependence": {
          "min": 0.0,
          "max": 1.0
        },
        "dependency_distance": {
          "min": 0.0,
          "max": 1.0
        }
      }
    },
    "reasoning": {
      "weights": {
        "n_in": 0.0,
        "entropy": 0.8012697172249249,
        "reasoning_proxy": 0.0,
        "constraint_count": 0.06624342759169174,
        "parametric_dependence": 0.06624342759169174,
        "dependency_distance": 0.06624342759169174
      },
      "norm_stats": {
        "n_in": {
          "min": 2.0,
          "max": 23.0
        },
        "entropy": {
          "min": 1.0,
          "max": 4.523561956057013
        },
        "reasoning_proxy": {
          "min": 0.1,
          "max": 1.1500000000000001
        },
        "constraint_count": {
          "min": 0.0,
          "max": 1.0
        },
        "parametric_dependence": {
          "min": 0.0,
          "max": 1.0
        },
        "dependency_distance": {
          "min": 0.0,
          "max": 1.0
        }
      }
    },
    "retrieval": {
      "weights": {
        "n_in": 0.0,
        "entropy": 0.5174178416715682,
        "reasoning_proxy": 0.0,
        "constraint_count": 0.16086071944281055,
        "parametric_dependence": 0.16086071944281055,
        "dependency_distance": 0.16086071944281055
      },
      "norm_stats": {
        "n_in": {
          "min": 9.0,
          "max": 38.0
        },
        "entropy": {
          "min": 3.169925001442312,
          "max": 4.879506460812008
        },
        "reasoning_proxy": {
          "min": 0.45,
          "max": 1.9000000000000001
        },
        "constraint_count": {
          "min": 0.0,
          "max": 1.0
        },
        "parametric_dependence": {
          "min": 0.0,
          "max": 1.0
        },
        "dependency_distance": {
          "min": 0.0,
          "max": 1.0
        }
      }
    },
    "summarization": {
      "weights": {
        "n_in": 0.0,
        "entropy": 0.4201371769756382,
        "reasoning_proxy": 0.0,
        "constraint_count": 0.19328760767478728,
        "parametric_dependence": 0.19328760767478728,
        "dependency_distance": 0.19328760767478728
      },
      "norm_stats": {
        "n_in": {
          "min": 6.0,
          "max": 73.0
        },
        "entropy": {
          "min": 2.584962500721156,
          "max": 6.069894593096965
        },
        "reasoning_proxy": {
          "min": 0.30000000000000004,
          "max": 3.6500000000000004
        },
        "constraint_count": {
          "min": 0.0,
          "max": 1.0
        },
        "parametric_dependence": {
          "min": 0.0,
          "max": 1.0
        },
        "dependency_distance": {
          "min": 0.0,
          "max": 1.0
        }
      }
    },
    "generation": {
      "weights": {
        "n_in": 0.0,
        "entropy": 0.6566456340480935,
        "reasoning_proxy": 0.0,
        "constraint_count": 0.11445145531730219,
        "parametric_dependence": 0.11445145531730219,
        "dependency_distance": 0.11445145531730219
      },
      "norm_stats": {
        "n_in": {
          "min": 3.0,
          "max": 28.0
        },
        "entropy": {
          "min": 1.584962500721156,
          "max": 4.623516641218014
        },
        "reasoning_proxy": {
          "min": 0.15000000000000002,
          "max": 1.4000000000000001
        },
        "constraint_count": {
          "min": 0.0,
          "max": 1.0
        },
        "parametric_dependence": {
          "min": 0.0,
          "max": 1.0
        },
        "dependency_distance": {
          "min": 0.0,
          "max": 1.0
        }
      }
    }
  },
  "features": [
    "n_in",
    "entropy",
    "reasoning_proxy",
    "constraint_count",
    "parametric_dependence",
    "dependency_distance"
  ]
}