{
  "task": "retrieval_grounded",
  "primary_metric": "exact_match",
  "baseline_model": "groq:llama-3.3-70b-versatile",
  "models": {
    "qwen2.5_0.5b": {
      "sample_count": 303,
      "capability": {
        "score": 0.49174917491749176,
        "semantic_risk": 0.3456105610561069,
        "primary_metric_score_name": "exact_match",
        "valid_output_rate": 1.0,
        "per_bin": {
          "0": {
            "sample_count": 24,
            "capability": 0.5,
            "semantic_risk": 0.3399999999999999,
            "avg_latency_sec": 1.5344000000000004,
            "valid_output_rate": 1.0
          },
          "1": {
            "sample_count": 22,
            "capability": 0.36363636363636365,
            "semantic_risk": 0.4327272727272726,
            "avg_latency_sec": 1.6917954545454543,
            "valid_output_rate": 1.0
          },
          "2": {
            "sample_count": 23,
            "capability": 0.6956521739130435,
            "semantic_risk": 0.20695652173913043,
            "avg_latency_sec": 1.499878260869565,
            "valid_output_rate": 1.0
          },
          "3": {
            "sample_count": 18,
            "capability": 0.3333333333333333,
            "semantic_risk": 0.45333333333333325,
            "avg_latency_sec": 1.7195944444444444,
            "valid_output_rate": 1.0
          },
          "4": {
            "sample_count": 216,
            "capability": 0.49537037037037035,
            "semantic_risk": 0.3431481481481485,
            "avg_latency_sec": 1.5706842592592603,
            "valid_output_rate": 1.0
          }
        }
      },
      "operational": {
        "avg_latency_sec": 1.5800752475247517,
        "p50_latency_sec": 1.3646,
        "p95_latency_sec": 2.7552899999999996,
        "p99_latency_sec": 3.974174000000001,
        "throughput_qps": 0.6328812514255497,
        "success_rate": 1.0,
        "error_rate": 0.0
      },
      "model_key": "qwen2.5_0.5b",
      "display_name": "qwen2.5:0.5b"
    },
    "qwen2.5_3b": {
      "sample_count": 303,
      "capability": {
        "score": 0.6270627062706271,
        "semantic_risk": 0.2535973597359739,
        "primary_metric_score_name": "exact_match",
        "valid_output_rate": 1.0,
        "per_bin": {
          "0": {
            "sample_count": 24,
            "capability": 0.625,
            "semantic_risk": 0.25499999999999995,
            "avg_latency_sec": 7.230841666666666,
            "valid_output_rate": 1.0
          },
          "1": {
            "sample_count": 22,
            "capability": 0.7272727272727273,
            "semantic_risk": 0.18545454545454546,
            "avg_latency_sec": 8.315399999999999,
            "valid_output_rate": 1.0
          },
          "2": {
            "sample_count": 23,
            "capability": 0.6521739130434783,
            "semantic_risk": 0.23652173913043475,
            "avg_latency_sec": 6.704134782608694,
            "valid_output_rate": 1.0
          },
          "3": {
            "sample_count": 18,
            "capability": 0.5,
            "semantic_risk": 0.33999999999999997,
            "avg_latency_sec": 8.045205555555555,
            "valid_output_rate": 1.0
          },
          "4": {
            "sample_count": 216,
            "capability": 0.625,
            "semantic_risk": 0.25499999999999995,
            "avg_latency_sec": 6.999796759259262,
            "valid_output_rate": 1.0
          }
        }
      },
      "operational": {
        "avg_latency_sec": 7.153280198019804,
        "p50_latency_sec": 7.0498,
        "p95_latency_sec": 11.355209999999987,
        "p99_latency_sec": 13.904438000000003,
        "throughput_qps": 0.13979600579281426,
        "success_rate": 1.0,
        "error_rate": 0.0
      },
      "model_key": "qwen2.5_3b",
      "display_name": "qwen2.5:3b"
    },
    "qwen2.5_7b": {
      "sample_count": 303,
      "capability": {
        "score": 0.6006600660066007,
        "semantic_risk": 0.2715511551155121,
        "primary_metric_score_name": "exact_match",
        "valid_output_rate": 1.0,
        "per_bin": {
          "0": {
            "sample_count": 24,
            "capability": 0.6666666666666666,
            "semantic_risk": 0.22666666666666666,
            "avg_latency_sec": 14.077145833333333,
            "valid_output_rate": 1.0
          },
          "1": {
            "sample_count": 22,
            "capability": 0.6363636363636364,
            "semantic_risk": 0.24727272727272726,
            "avg_latency_sec": 19.21651818181818,
            "valid_output_rate": 1.0
          },
          "2": {
            "sample_count": 23,
            "capability": 0.7391304347826086,
            "semantic_risk": 0.1773913043478261,
            "avg_latency_sec": 21.417634782608694,
            "valid_output_rate": 1.0
          },
          "3": {
            "sample_count": 18,
            "capability": 0.2777777777777778,
            "semantic_risk": 0.491111111111111,
            "avg_latency_sec": 26.47751111111111,
            "valid_output_rate": 1.0
          },
          "4": {
            "sample_count": 216,
            "capability": 0.6018518518518519,
            "semantic_risk": 0.27074074074074067,
            "avg_latency_sec": 26.612678703703708,
            "valid_output_rate": 1.0
          }
        }
      },
      "operational": {
        "avg_latency_sec": 24.68037722772279,
        "p50_latency_sec": 13.8501,
        "p95_latency_sec": 58.27999999999999,
        "p99_latency_sec": 62.65695600000001,
        "throughput_qps": 0.04051801926579661,
        "success_rate": 1.0,
        "error_rate": 0.0
      },
      "model_key": "qwen2.5_7b",
      "display_name": "qwen2.5:7b"
    },
    "llama_llama-3.3-70b-versatile": {
      "sample_count": 303,
      "capability": {
        "score": 0.7062706270627063,
        "semantic_risk": 0.19973597359735967,
        "primary_metric_score_name": "exact_match",
        "valid_output_rate": 1.0,
        "per_bin": {
          "0": {
            "sample_count": 24,
            "capability": 0.7083333333333334,
            "semantic_risk": 0.19833333333333333,
            "avg_latency_sec": 1.4115375000000003,
            "valid_output_rate": 1.0
          },
          "1": {
            "sample_count": 22,
            "capability": 0.7272727272727273,
            "semantic_risk": 0.18545454545454546,
            "avg_latency_sec": 2.3897727272727276,
            "valid_output_rate": 1.0
          },
          "2": {
            "sample_count": 23,
            "capability": 0.782608695652174,
            "semantic_risk": 0.14782608695652175,
            "avg_latency_sec": 1.6945000000000008,
            "valid_output_rate": 1.0
          },
          "3": {
            "sample_count": 18,
            "capability": 0.3888888888888889,
            "semantic_risk": 0.41555555555555546,
            "avg_latency_sec": 2.7451611111111114,
            "valid_output_rate": 1.0
          },
          "4": {
            "sample_count": 216,
            "capability": 0.7222222222222222,
            "semantic_risk": 0.18888888888888886,
            "avg_latency_sec": 0.8727351851851852,
            "valid_output_rate": 1.0
          }
        }
      },
      "operational": {
        "avg_latency_sec": 1.19917194719472,
        "p50_latency_sec": 0.273,
        "p95_latency_sec": 5.080009999999996,
        "p99_latency_sec": 9.142792000000002,
        "throughput_qps": 0.8339087670782723,
        "success_rate": 1.0,
        "error_rate": 0.0
      },
      "model_key": "llama_llama-3.3-70b-versatile",
      "display_name": "groq:llama-3.3-70b-versatile"
    }
  }
}