{
  "task": "retrieval_grounded",
  "primary_metric": "exact_match",
  "baseline_model": "groq:llama-3.3-70b-versatile",
  "models": {
    "qwen2.5_0.5b": {
      "sample_count": 500,
      "capability": {
        "score": 0.438,
        "semantic_risk": 0.2553200000000014,
        "primary_metric_score_name": "exact_match",
        "valid_output_rate": 1.0,
        "per_bin": {
          "0": {
            "sample_count": 36,
            "capability": 0.4444444444444444,
            "semantic_risk": 0.24145833333333336,
            "avg_latency_sec": 1.9488750000000006,
            "valid_output_rate": 1.0
          },
          "1": {
            "sample_count": 32,
            "capability": 0.34375,
            "semantic_risk": 0.3046875,
            "avg_latency_sec": 1.90791875,
            "valid_output_rate": 1.0
          },
          "2": {
            "sample_count": 34,
            "capability": 0.6176470588235294,
            "semantic_risk": 0.1711764705882353,
            "avg_latency_sec": 1.8716294117647059,
            "valid_output_rate": 1.0
          },
          "3": {
            "sample_count": 33,
            "capability": 0.42424242424242425,
            "semantic_risk": 0.23136363636363635,
            "avg_latency_sec": 2.3844060606060604,
            "valid_output_rate": 1.0
          },
          "4": {
            "sample_count": 365,
            "capability": 0.4301369863013699,
            "semantic_risk": 0.26236301369863085,
            "avg_latency_sec": 2.0703054794520535,
            "valid_output_rate": 1.0
          }
        }
      },
      "operational": {
        "avg_latency_sec": 2.0583903999999995,
        "p50_latency_sec": 1.6219,
        "p95_latency_sec": 4.971639999999998,
        "p99_latency_sec": 6.501172999999999,
        "throughput_qps": 0.485816490399489,
        "success_rate": 1.0,
        "error_rate": 0.0
      },
      "model_key": "qwen2.5_0.5b",
      "display_name": "qwen2.5:0.5b"
    },
    "qwen2.5_3b": {
      "sample_count": 499,
      "capability": {
        "score": 0.533066132264529,
        "semantic_risk": 0.2237074148296602,
        "primary_metric_score_name": "exact_match",
        "valid_output_rate": 1.0,
        "per_bin": {
          "0": {
            "sample_count": 36,
            "capability": 0.5833333333333334,
            "semantic_risk": 0.1889583333333333,
            "avg_latency_sec": 9.293008333333336,
            "valid_output_rate": 1.0
          },
          "1": {
            "sample_count": 32,
            "capability": 0.5625,
            "semantic_risk": 0.22671874999999997,
            "avg_latency_sec": 9.936096875000002,
            "valid_output_rate": 1.0
          },
          "2": {
            "sample_count": 34,
            "capability": 0.5294117647058824,
            "semantic_risk": 0.24227941176470585,
            "avg_latency_sec": 11.213714705882351,
            "valid_output_rate": 1.0
          },
          "3": {
            "sample_count": 33,
            "capability": 0.48484848484848486,
            "semantic_risk": 0.23590909090909087,
            "avg_latency_sec": 12.108339393939396,
            "valid_output_rate": 1.0
          },
          "4": {
            "sample_count": 364,
            "capability": 0.5302197802197802,
            "semantic_risk": 0.22403846153846185,
            "avg_latency_sec": 11.238354120879118,
            "valid_output_rate": 1.0
          }
        }
      },
      "operational": {
        "avg_latency_sec": 11.070352304609221,
        "p50_latency_sec": 8.1351,
        "p95_latency_sec": 32.337589999999985,
        "p99_latency_sec": 36.795917999999986,
        "throughput_qps": 0.09033136186493747,
        "success_rate": 1.0,
        "error_rate": 0.0
      },
      "model_key": "qwen2.5_3b",
      "display_name": "qwen2.5:3b"
    },
    "qwen2.5_7b": {
      "sample_count": 331,
      "capability": {
        "score": 0.5770392749244713,
        "semantic_risk": 0.12794561933534743,
        "primary_metric_score_name": "exact_match",
        "valid_output_rate": 1.0,
        "per_bin": {
          "0": {
            "sample_count": 22,
            "capability": 0.6363636363636364,
            "semantic_risk": 0.11000000000000001,
            "avg_latency_sec": 11.929200000000002,
            "valid_output_rate": 1.0
          },
          "1": {
            "sample_count": 22,
            "capability": 0.6363636363636364,
            "semantic_risk": 0.11000000000000001,
            "avg_latency_sec": 10.774731818181818,
            "valid_output_rate": 1.0
          },
          "2": {
            "sample_count": 25,
            "capability": 0.76,
            "semantic_risk": 0.07260000000000001,
            "avg_latency_sec": 11.365499999999997,
            "valid_output_rate": 1.0
          },
          "3": {
            "sample_count": 25,
            "capability": 0.52,
            "semantic_risk": 0.14520000000000005,
            "avg_latency_sec": 11.537128000000001,
            "valid_output_rate": 1.0
          },
          "4": {
            "sample_count": 237,
            "capability": 0.5527426160337553,
            "semantic_risk": 0.13529535864978873,
            "avg_latency_sec": 13.369199578059069,
            "valid_output_rate": 1.0
          }
        }
      },
      "operational": {
        "avg_latency_sec": 12.811336858006038,
        "p50_latency_sec": 11.9152,
        "p95_latency_sec": 16.787399999999998,
        "p99_latency_sec": 19.763609999999986,
        "throughput_qps": 0.07805586654097552,
        "success_rate": 1.0,
        "error_rate": 0.0
      },
      "model_key": "qwen2.5_7b",
      "display_name": "qwen2.5:7b"
    },
    "llama_llama-3.3-70b-versatile": {
      "sample_count": 331,
      "capability": {
        "score": 0.676737160120846,
        "semantic_risk": 0.0977870090634439,
        "primary_metric_score_name": "exact_match",
        "valid_output_rate": 1.0,
        "per_bin": {
          "0": {
            "sample_count": 22,
            "capability": 0.6818181818181818,
            "semantic_risk": 0.09625,
            "avg_latency_sec": 1.6250863636363635,
            "valid_output_rate": 1.0
          },
          "1": {
            "sample_count": 22,
            "capability": 0.7272727272727273,
            "semantic_risk": 0.0825,
            "avg_latency_sec": 2.44255,
            "valid_output_rate": 1.0
          },
          "2": {
            "sample_count": 25,
            "capability": 0.88,
            "semantic_risk": 0.036300000000000006,
            "avg_latency_sec": 1.6433879999999996,
            "valid_output_rate": 1.0
          },
          "3": {
            "sample_count": 25,
            "capability": 0.64,
            "semantic_risk": 0.10890000000000002,
            "avg_latency_sec": 2.098652,
            "valid_output_rate": 1.0
          },
          "4": {
            "sample_count": 237,
            "capability": 0.6540084388185654,
            "semantic_risk": 0.10466244725738381,
            "avg_latency_sec": 0.9755164556962026,
            "valid_output_rate": 1.0
          }
        }
      },
      "operational": {
        "avg_latency_sec": 1.2514694864048337,
        "p50_latency_sec": 0.5344,
        "p95_latency_sec": 4.8256,
        "p99_latency_sec": 9.138480000000001,
        "throughput_qps": 0.7990606330105225,
        "success_rate": 1.0,
        "error_rate": 0.0
      },
      "model_key": "llama_llama-3.3-70b-versatile",
      "display_name": "groq:llama-3.3-70b-versatile"
    }
  }
}