{
  "gemini/gemini-3.1-flash-lite-preview": {
    "model": "gemini/gemini-3.1-flash-lite-preview",
    "capability": {
      "exact_match": 63.333333333333336,
      "f1_score": 77.77777777777777,
      "context_utilization_rate": 83.33333333333333,
      "answer_length_accuracy": 90.0
    },
    "reliability": {
      "hallucination_rate": 16.666666666666668,
      "unsupported_answer_rate": 16.666666666666668,
      "partial_answer_rate": 26.666666666666668
    },
    "operational": {
      "latency_ms": 828.5257333341482,
      "latency_p50_ms": 828.9696000138065,
      "latency_p95_ms": 1055.8537000033539,
      "tokens_per_sec": 6.39690450973897,
      "output_tokens_total": 159,
      "input_tokens_avg": 191.26666666666668,
      "memory_mb": 0.0,
      "questions": 30
    }
  }
}