{
  "spearman": {
    "corr_s3_cm": -0.26635680195171657,
    "corr_s3_rm": 0.26635680195171657
  },
  "kendall_tau_b": {
    "corr_s3_cm": -0.16116459280507603,
    "corr_s3_rm": 0.16116459280507603
  },
  "tier_correctness": {
    "matches": 3,
    "underestimations": 4,
    "overestimations": 1
  }
}