use_case,task_family,s3_score,s3_tier,runtime_tier,routing_decision,tier_gap,gap_analysis,Cm,Rm,tau_consensus,coverage_d_le_tau,model_name,test_accuracy_num,test_f1_num,failure_rate,p95_ms,cost_monthly_low_usd,cost_monthly_high_usd
UC1,classification,3.4,Hybrid,LLM Only,LLM,1,Underestimation (dangerous),0.31446540880503143,0.34276729559748426,0.6666666666666666,0.0,Mistral-7B,0.8333333333333334,0.7777777777777777,0.16666666666666663,322.79999999999984,50000.0,100000.0
UC2,information_extraction,2.6,Pure SLM,Pure SLM,SLM,0,Match,0.7037037037037037,0.14814814814814814,1.0,1.0,Gemma3-4B,1.0,1.0,0.0,3600.05,127.0,500.0
UC3,classification,2.67,Pure SLM,LLM Only,LLM,2,Underestimation (dangerous),0.31446540880503143,0.34276729559748426,0.6666666666666666,0.0,Gemma3-4B,0.8333333333333334,0.8333333333333333,0.16666666666666663,513.3499999999998,50000.0,100000.0
UC4,classification,2.07,Pure SLM,LLM Only,LLM,2,Underestimation (dangerous),0.31446540880503143,0.34276729559748426,0.6666666666666666,0.0,Gemma3-4B,1.0,1.0,0.0,504.15,50000.0,100000.0
UC5,code_generation,3.27,Hybrid,Hybrid,HYBRID,0,Match,0.304366908053544,0.34781654597322803,0.6666666666666666,0.27,Llama-3.1-8B,0.8333333333333334,0.8333333333333333,0.16666666666666663,3535.799999999999,36534.29,73135.0
UC6,classification,4.27,LLM Only,LLM Only,LLM,0,Match,0.31446540880503143,0.34276729559748426,0.6666666666666666,0.0,Llama-3.1-8B,0.6666666666666666,0.4888888888888889,0.33333333333333337,2881.35,50000.0,100000.0
UC7,summarization,3.2,Hybrid,LLM Only,LLM,1,Underestimation (dangerous),0.8349593495934959,0.08252032520325203,0.29716666666666663,0.0,Qwen2.5-7B,0.5,0.5222222222222221,0.5,774.1499999999999,50000.0,100000.0
UC8,text_generation,3.07,LLM Only,Pure SLM,SLM,-2,Overestimation (inefficient),0.8478632478632478,0.07606837606837606,0.9333333333333332,1.0,Gemma3-4B,,,,10265.45,127.0,500.0
