{
  "task": "information_extraction",
  "model": "qwen2.5_0.5b",
  "seed": 43,
  "features": [
    "token_count",
    "avg_sentence_length",
    "entity_count",
    "entity_type_count",
    "noun_ratio",
    "relation_keyword_density",
    "slot_marker_density",
    "bm25_query_context_max",
    "embedding_query_context_cosine"
  ],
  "feature_selection": {
    "initial_count": 10,
    "final_count": 9,
    "dropped": {
      "null_or_nonfinite": [],
      "low_variance": [],
      "high_correlation": [
        "entity_density"
      ]
    }
  },
  "tau": 0.05,
  "class_weight": "balanced",
  "scaler_mean": [
    145.31034482758622,
    23.532507754059477,
    11.045977011494253,
    4.32183908045977,
    0.24285699858210227,
    0.09912633239913698,
    0.002867532002593654,
    4.4674657570968845,
    0.5540998626029354
  ],
  "scaler_scale": [
    16.447974647233515,
    5.460992150165384,
    7.191802558847715,
    2.276790708020368,
    0.049706840757334295,
    0.02441694801813298,
    0.0007758066258828811,
    3.033810563971566,
    0.1361902671011742
  ],
  "weights": [
    -0.02742606198236733,
    0.2707491171799577,
    0.9056543863668628,
    -0.8189834092711582,
    -0.09248075102546899,
    -0.38917149172813936,
    0.2783429970332308,
    -0.6828729483056671,
    0.18225500109064957
  ],
  "bias": -0.16138593219018374,
  "metrics": {
    "train": {
      "n": 87.0,
      "positive_rate": 0.27586206896551724,
      "avg_pred_fail_prob": 0.4625758836543078,
      "f1": 0.43243243243243246,
      "accuracy": 0.27586206896551724,
      "roc_auc": 0.751984126984127,
      "pr_auc": 0.5631764170877254,
      "brier": 0.2018088030232878,
      "ece_10bin": 0.18684151129352772
    },
    "val": {
      "n": 36.0,
      "positive_rate": 0.3888888888888889,
      "avg_pred_fail_prob": 0.48202998242837247,
      "f1": 0.56,
      "accuracy": 0.3888888888888889,
      "roc_auc": 0.37987012987012986,
      "pr_auc": 0.3801976921518102,
      "brier": 0.33213089604725143,
      "ece_10bin": 0.27747731830328515
    },
    "test": {
      "n": 35.0,
      "positive_rate": 0.45714285714285713,
      "avg_pred_fail_prob": 0.46272419720749514,
      "f1": 0.64,
      "accuracy": 0.4857142857142857,
      "roc_auc": 0.6019736842105263,
      "pr_auc": 0.6268788572878646,
      "brier": 0.24694194642820752,
      "ece_10bin": 0.16820933731382687
    }
  }
}