{
  "task": "information_extraction",
  "model": "qwen2.5_7b",
  "seed": 42,
  "features": [
    "token_count",
    "avg_sentence_length",
    "entity_count",
    "entity_type_count",
    "noun_ratio",
    "relation_keyword_density",
    "slot_marker_density",
    "bm25_query_context_max",
    "embedding_query_context_cosine"
  ],
  "feature_selection": {
    "initial_count": 10,
    "final_count": 9,
    "dropped": {
      "null_or_nonfinite": [],
      "low_variance": [],
      "high_correlation": [
        "entity_density"
      ]
    }
  },
  "tau": 0.15,
  "class_weight": "balanced",
  "scaler_mean": [
    145.31034482758622,
    23.532507754059477,
    11.045977011494253,
    4.32183908045977,
    0.24285699858210227,
    0.09912633239913698,
    0.002867532002593654,
    4.4674657570968845,
    0.5540998626029354
  ],
  "scaler_scale": [
    16.447974647233515,
    5.460992150165384,
    7.191802558847715,
    2.276790708020368,
    0.049706840757334295,
    0.02441694801813298,
    0.0007758066258828811,
    3.033810563971566,
    0.1361902671011742
  ],
  "weights": [
    0.6819647398700232,
    0.15920234882084128,
    0.19976149897346995,
    -0.45953886624492724,
    -0.20685988282302253,
    -0.2746881785424582,
    -1.1178283916331127,
    -0.994803223713109,
    -0.11503938962907083
  ],
  "bias": -0.4535815413682526,
  "metrics": {
    "train": {
      "n": 87.0,
      "positive_rate": 0.22988505747126436,
      "avg_pred_fail_prob": 0.4433433238634272,
      "f1": 0.4166666666666667,
      "accuracy": 0.3563218390804598,
      "roc_auc": 0.7977611940298507,
      "pr_auc": 0.6580329084772234,
      "brier": 0.19203675272264917,
      "ece_10bin": 0.22851543107773653
    },
    "val": {
      "n": 36.0,
      "positive_rate": 0.2222222222222222,
      "avg_pred_fail_prob": 0.42401991343984125,
      "f1": 0.3783783783783784,
      "accuracy": 0.3611111111111111,
      "roc_auc": 0.5178571428571429,
      "pr_auc": 0.28431618668687636,
      "brier": 0.2751672664717854,
      "ece_10bin": 0.2777009623436005
    },
    "test": {
      "n": 35.0,
      "positive_rate": 0.22857142857142856,
      "avg_pred_fail_prob": 0.44369425102834753,
      "f1": 0.3888888888888889,
      "accuracy": 0.37142857142857144,
      "roc_auc": 0.773148148148148,
      "pr_auc": 0.6751706932773109,
      "brier": 0.20792981939035818,
      "ece_10bin": 0.2961203736609576
    }
  }
}