{
  "task": "information_extraction",
  "model": "qwen2.5_3b",
  "seed": 46,
  "features": [
    "token_count",
    "avg_sentence_length",
    "entity_count",
    "entity_type_count",
    "noun_ratio",
    "relation_keyword_density",
    "slot_marker_density",
    "bm25_query_context_max",
    "embedding_query_context_cosine"
  ],
  "feature_selection": {
    "initial_count": 10,
    "final_count": 9,
    "dropped": {
      "null_or_nonfinite": [],
      "low_variance": [],
      "high_correlation": [
        "entity_density"
      ]
    }
  },
  "tau": 0.15,
  "class_weight": "balanced",
  "scaler_mean": [
    145.31034482758622,
    23.532507754059477,
    11.045977011494253,
    4.32183908045977,
    0.24285699858210227,
    0.09912633239913698,
    0.002867532002593654,
    4.4674657570968845,
    0.5540998626029354
  ],
  "scaler_scale": [
    16.447974647233515,
    5.460992150165384,
    7.191802558847715,
    2.276790708020368,
    0.049706840757334295,
    0.02441694801813298,
    0.0007758066258828811,
    3.033810563971566,
    0.1361902671011742
  ],
  "weights": [
    0.22280998212775702,
    -0.15376287945385442,
    0.0999362970757338,
    0.06260628189199102,
    -0.28846685474526645,
    -0.007578738098015906,
    -0.6743328138377133,
    -0.24184686678381614,
    0.06343299598318072
  ],
  "bias": -0.11759619160254532,
  "metrics": {
    "train": {
      "n": 87.0,
      "positive_rate": 0.3218390804597701,
      "avg_pred_fail_prob": 0.48161367424546214,
      "f1": 0.4864864864864865,
      "accuracy": 0.3448275862068966,
      "roc_auc": 0.7094430992736077,
      "pr_auc": 0.6091246467553528,
      "brier": 0.22095915622601423,
      "ece_10bin": 0.17334127955164114
    },
    "val": {
      "n": 36.0,
      "positive_rate": 0.2777777777777778,
      "avg_pred_fail_prob": 0.4388604339517494,
      "f1": 0.4878048780487805,
      "accuracy": 0.4166666666666667,
      "roc_auc": 0.573076923076923,
      "pr_auc": 0.3272848710429356,
      "brier": 0.23738596779597332,
      "ece_10bin": 0.21211808868629223
    },
    "test": {
      "n": 35.0,
      "positive_rate": 0.2857142857142857,
      "avg_pred_fail_prob": 0.48724889648421216,
      "f1": 0.37209302325581395,
      "accuracy": 0.22857142857142856,
      "roc_auc": 0.62,
      "pr_auc": 0.4520050537697596,
      "brier": 0.27343728205892065,
      "ece_10bin": 0.3141456771809645
    }
  }
}