{
  "Qwen/Qwen2.5-Coder-0.5B-Instruct": {
    "model": "Qwen/Qwen2.5-Coder-0.5B-Instruct",
    "capability": {
      "exact_match": 66.66666666666667,
      "f1_score": 71.25763125763125,
      "context_utilization_rate": 96.66666666666667,
      "answer_length_accuracy": 86.66666666666667
    },
    "reliability": {
      "hallucination_rate": 3.3333333333333335,
      "unsupported_answer_rate": 3.3333333333333335,
      "partial_answer_rate": 13.333333333333334
    },
    "operational": {
      "latency_ms": 5534.117009999075,
      "latency_p50_ms": 6442.271899999469,
      "latency_p95_ms": 8078.817800007528,
      "tokens_per_sec": 4.228316813273146,
      "output_tokens_total": 702,
      "input_tokens_avg": 196.83333333333334,
      "memory_mb": 0.0,
      "wall_time_sec": 166.3784999847412,
      "questions": 30
    }
  }
}