bin,n_samples,success_rate,avg_latency,validity_rate
0,15,0.9333333333333333,5.347276941935221,0.9333333333333333
1,15,1.0,6.017418464024861,1.0
2,15,0.9333333333333333,5.462559715906779,0.9333333333333333
3,15,0.8666666666666667,4.742549689610799,0.8666666666666667
4,15,1.0,5.460525528589884,1.0
