{
  "task": "maths",
  "model": "qwen2.5_0.5b",
  "features": [
    "numeric_density",
    "modal_verb_count",
    "readability_fk",
    "sentence_count",
    "symbol_count"
  ],
  "tau": 0.05,
  "class_weight": "balanced",
  "scaler_mean": [
    0.06740790901041707,
    0.3355263157894737,
    5.676316743622621,
    5.480263157894737,
    0.4934210526315789
  ],
  "scaler_scale": [
    0.047284725785939515,
    0.7428968808813702,
    1.3103865340632221,
    1.820823970280467,
    0.8810632820207682
  ],
  "weights": [
    -0.5044385697325529,
    0.20913918922300254,
    0.01173763092658544,
    0.026188685437935413,
    0.4921736821944207
  ],
  "bias": 0.09506463448359428,
  "metrics": {
    "train": {
      "n": 152.0,
      "positive_rate": 0.8223684210526315,
      "avg_pred_fail_prob": 0.5207402618941741,
      "f1": 0.9025270758122743,
      "accuracy": 0.8223684210526315
    },
    "val": {
      "n": 44.0,
      "positive_rate": 0.8863636363636364,
      "avg_pred_fail_prob": 0.49860624017043736,
      "f1": 0.9397590361445783,
      "accuracy": 0.8863636363636364
    },
    "test": {
      "n": 54.0,
      "positive_rate": 0.8518518518518519,
      "avg_pred_fail_prob": 0.48168672339022983,
      "f1": 0.92,
      "accuracy": 0.8518518518518519
    }
  }
}