{
  "task": "summarization",
  "model": "qwen2.5_3b",
  "features": [
    "source_length",
    "sentence_count",
    "readability_fk",
    "entity_count",
    "avg_sentence_length"
  ],
  "tau": 0.39999999999999997,
  "class_weight": "balanced",
  "scaler_mean": [
    201.48,
    10.333333333333334,
    10.196575093390745,
    34.46666666666667,
    20.029402034612563
  ],
  "scaler_scale": [
    50.22412700419324,
    3.1488975142985454,
    1.9839454124354161,
    12.300496828267638,
    3.870300656028386
  ],
  "weights": [
    0.11951011391686428,
    -0.12407879867623688,
    0.08248177588684756,
    -0.29819784304418806,
    -0.3682885700779281
  ],
  "bias": -0.032194882643702724,
  "metrics": {
    "train": {
      "n": 150.0,
      "positive_rate": 0.3,
      "avg_pred_fail_prob": 0.49235775377711394,
      "f1": 0.4393063583815029,
      "accuracy": 0.35333333333333333
    },
    "val": {
      "n": 44.0,
      "positive_rate": 0.18181818181818182,
      "avg_pred_fail_prob": 0.504008295174071,
      "f1": 0.3404255319148936,
      "accuracy": 0.29545454545454547
    },
    "test": {
      "n": 56.0,
      "positive_rate": 0.25,
      "avg_pred_fail_prob": 0.5077280851054892,
      "f1": 0.3333333333333333,
      "accuracy": 0.2857142857142857
    }
  }
}