bin,n_samples,success_rate,avg_latency,validity_rate
0,15,0.9333333333333333,11.657045571009318,0.9333333333333333
1,15,1.0,10.994506772359212,1.0
2,15,1.0,12.758132696151733,1.0
3,15,1.0,11.445439926783244,1.0
4,15,1.0,78.91723688443501,1.0
