{
  "task": "classification",
  "model": "llama_llama-3.3-70b-versatile",
  "features": [
    "negation_count",
    "clause_count",
    "readability_fk",
    "entity_density",
    "avg_sentence_length"
  ],
  "normalization": {
    "mean": [
      0.6470588235294118,
      1.411764705882353,
      9.65856209150327,
      0.3885387488328665,
      6.352941176470588
    ],
    "std": [
      0.47788461203740945,
      0.6910200073218077,
      4.033064734114475,
      0.11069816909232104,
      2.273664481186787
    ]
  },
  "weights": [
    0.3053931856702053,
    -0.8103640821918423,
    -0.630186721188244,
    0.31771055636061235,
    -0.5168621087150709
  ],
  "bias": -1.5791886594890896,
  "metrics": {
    "train": {
      "n": 17.0,
      "positive_rate": 0.23529411764705882,
      "avg_pred_fail_prob": 0.25912779026177823,
      "accuracy_at_0p5": 0.8823529411764706
    },
    "val": {
      "n": 9.0,
      "positive_rate": 0.1111111111111111,
      "avg_pred_fail_prob": 0.3917816238827244,
      "accuracy_at_0p5": 0.8888888888888888
    },
    "test": {
      "n": 4.0,
      "positive_rate": 0.0,
      "avg_pred_fail_prob": 0.3726404535616614,
      "accuracy_at_0p5": 0.75
    }
  }
}