{
  "task": "instruction_following",
  "model": "llama_llama-3.3-70b-versatile",
  "features": [
    "modal_verb_count",
    "negation_count",
    "sentence_count",
    "readability_fk",
    "format_keyword_count"
  ],
  "tau": 0.3,
  "class_weight": "balanced",
  "scaler_mean": [
    0.821917808219178,
    0.3904109589041096,
    3.363013698630137,
    6.387026732879818,
    0.5821917808219178
  ],
  "scaler_scale": [
    0.8889344976935684,
    0.7436791883751812,
    2.1955126620284875,
    2.6043898214229517,
    1.286158394318099
  ],
  "weights": [
    0.39304200849541776,
    -1.099441775311723,
    -0.14532364547937124,
    -0.38100707632854947,
    -0.12500696398397634
  ],
  "bias": -0.38698805824901766,
  "metrics": {
    "train": {
      "n": 146.0,
      "positive_rate": 0.11643835616438356,
      "avg_pred_fail_prob": 0.4471057203377361,
      "f1": 0.2677165354330709,
      "accuracy": 0.363013698630137
    },
    "val": {
      "n": 50.0,
      "positive_rate": 0.08,
      "avg_pred_fail_prob": 0.3708401974190007,
      "f1": 0.25,
      "accuracy": 0.52
    },
    "test": {
      "n": 54.0,
      "positive_rate": 0.09259259259259259,
      "avg_pred_fail_prob": 0.39930135550714274,
      "f1": 0.24390243902439024,
      "accuracy": 0.42592592592592593
    }
  }
}