{
  "task": "instruction_following",
  "model": "qwen2.5_3b",
  "features": [
    "modal_verb_count",
    "negation_count",
    "sentence_count",
    "readability_fk",
    "format_keyword_count"
  ],
  "tau": 0.25,
  "class_weight": "balanced",
  "scaler_mean": [
    0.821917808219178,
    0.3904109589041096,
    3.363013698630137,
    6.387026732879818,
    0.5821917808219178
  ],
  "scaler_scale": [
    0.8889344976935684,
    0.7436791883751812,
    2.1955126620284875,
    2.6043898214229517,
    1.286158394318099
  ],
  "weights": [
    0.07439880560314732,
    -0.24158942494338873,
    0.09340930819393271,
    -0.060445108693826785,
    0.027356997719697414
  ],
  "bias": -0.021388378973356197,
  "metrics": {
    "train": {
      "n": 146.0,
      "positive_rate": 0.19863013698630136,
      "avg_pred_fail_prob": 0.49508132305665536,
      "f1": 0.3314285714285714,
      "accuracy": 0.19863013698630136
    },
    "val": {
      "n": 50.0,
      "positive_rate": 0.24,
      "avg_pred_fail_prob": 0.4696142096824555,
      "f1": 0.39344262295081966,
      "accuracy": 0.26
    },
    "test": {
      "n": 54.0,
      "positive_rate": 0.12962962962962962,
      "avg_pred_fail_prob": 0.49007281998856106,
      "f1": 0.22950819672131148,
      "accuracy": 0.12962962962962962
    }
  }
}