{
  "task": "instruction_following",
  "model": "qwen2.5_0.5b",
  "features": [
    "modal_verb_count",
    "negation_count",
    "sentence_count",
    "readability_fk",
    "format_keyword_count"
  ],
  "tau": 0.15,
  "class_weight": "balanced",
  "scaler_mean": [
    0.821917808219178,
    0.3904109589041096,
    3.363013698630137,
    6.387026732879818,
    0.5821917808219178
  ],
  "scaler_scale": [
    0.8889344976935684,
    0.7436791883751812,
    2.1955126620284875,
    2.6043898214229517,
    1.286158394318099
  ],
  "weights": [
    0.20328571456115424,
    -0.4158313091565922,
    -0.7147643263452096,
    -0.5310223032240147,
    -0.11687960742423692
  ],
  "bias": -0.10252724686422651,
  "metrics": {
    "train": {
      "n": 146.0,
      "positive_rate": 0.3972602739726027,
      "avg_pred_fail_prob": 0.4888193369082888,
      "f1": 0.5979381443298969,
      "accuracy": 0.4657534246575342
    },
    "val": {
      "n": 50.0,
      "positive_rate": 0.4,
      "avg_pred_fail_prob": 0.42944155884082064,
      "f1": 0.5882352941176471,
      "accuracy": 0.44
    },
    "test": {
      "n": 54.0,
      "positive_rate": 0.42592592592592593,
      "avg_pred_fail_prob": 0.43140468621620337,
      "f1": 0.6133333333333333,
      "accuracy": 0.46296296296296297
    }
  }
}