bin,n_samples,success_rate,avg_latency,validity_rate
0,15,1.0,3.068735218048096,1.0
1,15,1.0,3.2265206813812255,1.0
2,15,1.0,3.1747787316640217,1.0
3,15,1.0,3.2106431325276694,1.0
4,15,1.0,3.199863624572754,1.0
