{
  "deepseek-ai/deepseek-coder-1.3b-instruct": {
    "model": "deepseek-ai/deepseek-coder-1.3b-instruct",
    "capability": {
      "exact_match": 36.666666666666664,
      "f1_score": 48.05320994794679,
      "context_utilization_rate": 46.666666666666664,
      "answer_length_accuracy": 50.0
    },
    "reliability": {
      "hallucination_rate": 53.333333333333336,
      "unsupported_answer_rate": 53.333333333333336,
      "partial_answer_rate": 30.0
    },
    "operational": {
      "latency_ms": 17564.81484333587,
      "latency_p50_ms": 16642.109399996116,
      "latency_p95_ms": 41458.623799990164,
      "tokens_per_sec": 1.3872430130347453,
      "output_tokens_total": 731,
      "input_tokens_avg": 222.33333333333334,
      "memory_mb": 0.0,
      "wall_time_sec": 528.9000310897827,
      "questions": 30
    }
  }
}