{
  "task": "maths",
  "model": "qwen2.5_3b",
  "seed": 43,
  "features": [
    "token_count",
    "avg_sentence_length",
    "digit_ratio",
    "math_symbol_density",
    "quantity_mention_density",
    "constraint_keyword_density",
    "flesch_kincaid_grade",
    "gunning_fog",
    "embedding_query_context_cosine"
  ],
  "feature_selection": {
    "initial_count": 10,
    "final_count": 9,
    "dropped": {
      "null_or_nonfinite": [],
      "low_variance": [
        "equation_marker_density"
      ],
      "high_correlation": []
    }
  },
  "tau": 0.25,
  "class_weight": "balanced",
  "scaler_mean": [
    73.375,
    14.065228174603174,
    0.013379254441908465,
    0.0011858980163222512,
    0.044949324251053094,
    0.0013441329945205183,
    5.6338950023272805,
    7.206247260030207,
    0.5246866044441336
  ],
  "scaler_scale": [
    25.246368290154237,
    2.8192534450150735,
    0.009569452838697673,
    0.0021444552976416457,
    0.030612915650377628,
    0.0046084346348192326,
    1.2274706752645563,
    1.4530650213854173,
    0.17742619397831216
  ],
  "weights": [
    0.062437784001945884,
    0.176222792480964,
    -0.2792150288450143,
    0.040294453137195076,
    -0.1939543086787304,
    -0.1001265045514889,
    0.10139374331113982,
    0.32976381945864214,
    -0.6676551342519328
  ],
  "bias": -0.02974148764605273,
  "metrics": {
    "train": {
      "n": 152.0,
      "positive_rate": 0.4342105263157895,
      "avg_pred_fail_prob": 0.48737660674792277,
      "f1": 0.6224489795918368,
      "accuracy": 0.5131578947368421,
      "roc_auc": 0.7477096546863988,
      "pr_auc": 0.7588942242053862,
      "brier": 0.19948659405965577,
      "ece_10bin": 0.08646132382772732
    },
    "val": {
      "n": 44.0,
      "positive_rate": 0.5681818181818182,
      "avg_pred_fail_prob": 0.5329121129944727,
      "f1": 0.7301587301587301,
      "accuracy": 0.6136363636363636,
      "roc_auc": 0.736842105263158,
      "pr_auc": 0.8260117614300686,
      "brier": 0.20592279746602402,
      "ece_10bin": 0.10087189058907135
    },
    "test": {
      "n": 54.0,
      "positive_rate": 0.35185185185185186,
      "avg_pred_fail_prob": 0.4797563197908887,
      "f1": 0.53125,
      "accuracy": 0.4444444444444444,
      "roc_auc": 0.8120300751879699,
      "pr_auc": 0.8117449638015757,
      "brier": 0.17476695211177395,
      "ece_10bin": 0.20759094873976636
    }
  }
}