{
  "task": "maths",
  "model": "qwen2.5_0.5b",
  "seed": 46,
  "features": [
    "token_count",
    "avg_sentence_length",
    "digit_ratio",
    "math_symbol_density",
    "quantity_mention_density",
    "constraint_keyword_density",
    "flesch_kincaid_grade",
    "gunning_fog",
    "embedding_query_context_cosine"
  ],
  "feature_selection": {
    "initial_count": 10,
    "final_count": 9,
    "dropped": {
      "null_or_nonfinite": [],
      "low_variance": [
        "equation_marker_density"
      ],
      "high_correlation": []
    }
  },
  "tau": 0.05,
  "class_weight": "balanced",
  "scaler_mean": [
    73.375,
    14.065228174603174,
    0.013379254441908465,
    0.0011858980163222512,
    0.044949324251053094,
    0.0013441329945205183,
    5.6338950023272805,
    7.206247260030207,
    0.5246866044441336
  ],
  "scaler_scale": [
    25.246368290154237,
    2.8192534450150735,
    0.009569452838697673,
    0.0021444552976416457,
    0.030612915650377628,
    0.0046084346348192326,
    1.2274706752645563,
    1.4530650213854173,
    0.17742619397831216
  ],
  "weights": [
    0.20626929605476202,
    0.39044446366095215,
    -0.01811817797731989,
    0.23994370941670137,
    -0.3936043383987754,
    -0.16101431315706677,
    0.04732841382217805,
    -0.12849061112241109,
    -0.42790701725939206
  ],
  "bias": 0.12899621986760168,
  "metrics": {
    "train": {
      "n": 152.0,
      "positive_rate": 0.8223684210526315,
      "avg_pred_fail_prob": 0.5293339555569768,
      "f1": 0.9025270758122743,
      "accuracy": 0.8223684210526315,
      "roc_auc": 0.6717037037037037,
      "pr_auc": 0.9070700655362035,
      "brier": 0.2280631449753184,
      "ece_10bin": 0.2953833123862518
    },
    "val": {
      "n": 44.0,
      "positive_rate": 0.8863636363636364,
      "avg_pred_fail_prob": 0.5412347134051088,
      "f1": 0.9397590361445783,
      "accuracy": 0.8863636363636364,
      "roc_auc": 0.5282051282051282,
      "pr_auc": 0.9172820268486572,
      "brier": 0.23969464136596327,
      "ece_10bin": 0.3451289229585276
    },
    "test": {
      "n": 54.0,
      "positive_rate": 0.8518518518518519,
      "avg_pred_fail_prob": 0.4961327295872341,
      "f1": 0.92,
      "accuracy": 0.8518518518518519,
      "roc_auc": 0.7282608695652174,
      "pr_auc": 0.9479250952925207,
      "brier": 0.24988492208861512,
      "ece_10bin": 0.3557191222646179
    }
  }
}