{
  "task": "maths",
  "model": "qwen2.5_7b",
  "seed": 44,
  "features": [
    "token_count",
    "avg_sentence_length",
    "digit_ratio",
    "math_symbol_density",
    "quantity_mention_density",
    "constraint_keyword_density",
    "flesch_kincaid_grade",
    "gunning_fog",
    "embedding_query_context_cosine"
  ],
  "feature_selection": {
    "initial_count": 10,
    "final_count": 9,
    "dropped": {
      "null_or_nonfinite": [],
      "low_variance": [
        "equation_marker_density"
      ],
      "high_correlation": []
    }
  },
  "tau": 0.05,
  "class_weight": "balanced",
  "scaler_mean": [
    73.375,
    14.065228174603174,
    0.013379254441908465,
    0.0011858980163222512,
    0.044949324251053094,
    0.0013441329945205183,
    5.6338950023272805,
    7.206247260030207,
    0.5246866044441336
  ],
  "scaler_scale": [
    25.246368290154237,
    2.8192534450150735,
    0.009569452838697673,
    0.0021444552976416457,
    0.030612915650377628,
    0.0046084346348192326,
    1.2274706752645563,
    1.4530650213854173,
    0.17742619397831216
  ],
  "weights": [
    0.39224193103492694,
    -0.1519521162695821,
    0.2275049570155642,
    0.3674951500395346,
    -0.34764280996213726,
    -0.18295009386452885,
    0.12120241359538031,
    -0.040158567162285955,
    -0.8110815608166926
  ],
  "bias": 0.10909256600033433,
  "metrics": {
    "train": {
      "n": 152.0,
      "positive_rate": 0.6644736842105263,
      "avg_pred_fail_prob": 0.5222253745208469,
      "f1": 0.7984189723320159,
      "accuracy": 0.6644736842105263,
      "roc_auc": 0.7167540283440108,
      "pr_auc": 0.8483318989590394,
      "brier": 0.21589017345500694,
      "ece_10bin": 0.16256345444901302
    },
    "val": {
      "n": 44.0,
      "positive_rate": 0.6818181818181818,
      "avg_pred_fail_prob": 0.5566361027502069,
      "f1": 0.8108108108108109,
      "accuracy": 0.6818181818181818,
      "roc_auc": 0.680952380952381,
      "pr_auc": 0.8626500828005004,
      "brier": 0.22490253838831722,
      "ece_10bin": 0.2227240698234576
    },
    "test": {
      "n": 54.0,
      "positive_rate": 0.6481481481481481,
      "avg_pred_fail_prob": 0.48867909628099865,
      "f1": 0.7865168539325843,
      "accuracy": 0.6481481481481481,
      "roc_auc": 0.7413533834586468,
      "pr_auc": 0.8854583833156294,
      "brier": 0.2144708087977395,
      "ece_10bin": 0.17487661700183957
    }
  }
}