{
  "task": "maths",
  "matched_query_count": 75,
  "baseline_query_count": 75,
  "common_query_count_across_all_models": 75,
  "models_used": [
    "tinyllama:1.1b",
    "qwen2.5:1.5b",
    "phi3:mini",
    "groq:llama-3.3-70b-versatile"
  ],
  "model_matched_query_counts": {
    "tinyllama:1.1b": 75,
    "qwen2.5:1.5b": 75,
    "phi3:mini": 75,
    "groq:llama-3.3-70b-versatile": 75
  },
  "thresholds": {
    "tinyllama_1.1b": {
      "display_name": "tinyllama:1.1b",
      "matched_query_count": 75,
      "tau_cap_bin": null,
      "tau_cap_difficulty": null,
      "tau_risk_bin": 0,
      "tau_risk_difficulty": 0.0,
      "capability_curve": {
        "0": 0.06666666666666667,
        "1": 0.06666666666666667,
        "2": 0.0,
        "3": 0.13333333333333333,
        "4": 0.06666666666666667
      },
      "risk_curve": {
        "0": 0.9333333333333333,
        "1": 0.9333333333333333,
        "2": 1.0,
        "3": 0.8666666666666667,
        "4": 0.9333333333333333
      },
      "expected_capability_curve": {
        "0": 0.06666666666666667,
        "1": 0.06666666666666667,
        "2": 0.0,
        "3": 0.13333333333333333,
        "4": 0.06666666666666667
      },
      "expected_risk_curve": {
        "0": 0.9333333333333333,
        "1": 0.9333333333333333,
        "2": 1.0,
        "3": 0.8666666666666667,
        "4": 0.9333333333333333
      },
      "counts_by_bin": {
        "0": 15,
        "1": 15,
        "2": 15,
        "3": 15,
        "4": 15
      },
      "semantic_failure_counts": {
        "arithmetic_error": {
          "0": 14,
          "1": 14,
          "2": 15,
          "3": 12,
          "4": 14
        },
        "timeout_runtime": {
          "3": 1
        }
      },
      "semantic_failures_by_bin": {
        "0": {
          "arithmetic_error": 14
        },
        "1": {
          "arithmetic_error": 14
        },
        "2": {
          "arithmetic_error": 15
        },
        "3": {
          "arithmetic_error": 12,
          "timeout_runtime": 1
        },
        "4": {
          "arithmetic_error": 14
        }
      }
    },
    "qwen2.5_1.5b": {
      "display_name": "qwen2.5:1.5b",
      "matched_query_count": 75,
      "tau_cap_bin": null,
      "tau_cap_difficulty": null,
      "tau_risk_bin": null,
      "tau_risk_difficulty": null,
      "capability_curve": {
        "0": 0.6666666666666666,
        "1": 0.7333333333333333,
        "2": 0.8,
        "3": 0.7333333333333333,
        "4": 0.8
      },
      "risk_curve": {
        "0": 0.3333333333333333,
        "1": 0.26666666666666666,
        "2": 0.2,
        "3": 0.26666666666666666,
        "4": 0.2
      },
      "expected_capability_curve": {
        "0": 0.6666666666666666,
        "1": 0.7333333333333333,
        "2": 0.8,
        "3": 0.7333333333333333,
        "4": 0.8
      },
      "expected_risk_curve": {
        "0": 0.3333333333333333,
        "1": 0.26666666666666666,
        "2": 0.2,
        "3": 0.26666666666666666,
        "4": 0.2
      },
      "counts_by_bin": {
        "0": 15,
        "1": 15,
        "2": 15,
        "3": 15,
        "4": 15
      },
      "semantic_failure_counts": {
        "arithmetic_error": {
          "0": 5,
          "1": 4,
          "2": 3,
          "3": 4,
          "4": 3
        }
      },
      "semantic_failures_by_bin": {
        "0": {
          "arithmetic_error": 5
        },
        "1": {
          "arithmetic_error": 4
        },
        "2": {
          "arithmetic_error": 3
        },
        "3": {
          "arithmetic_error": 4
        },
        "4": {
          "arithmetic_error": 3
        }
      }
    },
    "phi3_mini": {
      "display_name": "phi3:mini",
      "matched_query_count": 75,
      "tau_cap_bin": null,
      "tau_cap_difficulty": null,
      "tau_risk_bin": 1,
      "tau_risk_difficulty": 0.25,
      "capability_curve": {
        "0": 0.6,
        "1": 0.5333333333333333,
        "2": 0.8,
        "3": 0.8666666666666667,
        "4": 0.6666666666666666
      },
      "risk_curve": {
        "0": 0.4,
        "1": 0.4666666666666667,
        "2": 0.2,
        "3": 0.13333333333333333,
        "4": 0.3333333333333333
      },
      "expected_capability_curve": {
        "0": 0.6,
        "1": 0.5333333333333333,
        "2": 0.8,
        "3": 0.8666666666666667,
        "4": 0.6666666666666666
      },
      "expected_risk_curve": {
        "0": 0.4,
        "1": 0.4666666666666667,
        "2": 0.2,
        "3": 0.13333333333333333,
        "4": 0.3333333333333333
      },
      "counts_by_bin": {
        "0": 15,
        "1": 15,
        "2": 15,
        "3": 15,
        "4": 15
      },
      "semantic_failure_counts": {
        "arithmetic_error": {
          "0": 6,
          "1": 7,
          "2": 3,
          "3": 2,
          "4": 5
        }
      },
      "semantic_failures_by_bin": {
        "0": {
          "arithmetic_error": 6
        },
        "1": {
          "arithmetic_error": 7
        },
        "2": {
          "arithmetic_error": 3
        },
        "3": {
          "arithmetic_error": 2
        },
        "4": {
          "arithmetic_error": 5
        }
      }
    },
    "llama_llama-3.3-70b-versatile": {
      "display_name": "groq:llama-3.3-70b-versatile",
      "matched_query_count": 75,
      "tau_cap_bin": null,
      "tau_cap_difficulty": null,
      "tau_risk_bin": null,
      "tau_risk_difficulty": null,
      "capability_curve": {
        "0": 0.9333333333333333,
        "1": 0.9333333333333333,
        "2": 0.9333333333333333,
        "3": 1.0,
        "4": 0.9333333333333333
      },
      "risk_curve": {
        "0": 0.06666666666666667,
        "1": 0.06666666666666667,
        "2": 0.06666666666666667,
        "3": 0.0,
        "4": 0.06666666666666667
      },
      "expected_capability_curve": {
        "0": 0.9333333333333333,
        "1": 0.9333333333333333,
        "2": 0.9333333333333333,
        "3": 1.0,
        "4": 0.9333333333333333
      },
      "expected_risk_curve": {
        "0": 0.06666666666666667,
        "1": 0.06666666666666667,
        "2": 0.06666666666666667,
        "3": 0.0,
        "4": 0.06666666666666667
      },
      "counts_by_bin": {
        "0": 15,
        "1": 15,
        "2": 15,
        "3": 15,
        "4": 15
      },
      "semantic_failure_counts": {
        "arithmetic_error": {
          "0": 1,
          "1": 1,
          "2": 1,
          "4": 1
        }
      },
      "semantic_failures_by_bin": {
        "0": {
          "arithmetic_error": 1
        },
        "1": {
          "arithmetic_error": 1
        },
        "2": {
          "arithmetic_error": 1
        },
        "4": {
          "arithmetic_error": 1
        },
        "3": {}
      }
    }
  },
  "decision_matrix": {
    "tinyllama_1.1b": {
      "display_name": "tinyllama:1.1b",
      "avg_expected_capability": 0.06666666666666667,
      "avg_expected_risk": 0.9333333333333333,
      "empirical_quadrant": "Q4: low capability, high risk",
      "confidence_quadrant": "Q4: low capability, high risk",
      "empirical_routing_policy": {
        "limit_bin": null,
        "limit_difficulty": null,
        "sparse_bins": [],
        "route_rule": "Empirical evidence does not show a deployable SLM region; route to BASELINE."
      },
      "confidence_certified_routing_policy": {
        "risk_gate_pass": false,
        "capability_gate_pass": false,
        "limit_bin": null,
        "limit_difficulty": null,
        "sparse_bins": [],
        "route_rule": "Route all queries to BASELINE; SLM never clears the capability gate with Wilson confidence."
      }
    },
    "qwen2.5_1.5b": {
      "display_name": "qwen2.5:1.5b",
      "avg_expected_capability": 0.7466666666666667,
      "avg_expected_risk": 0.2533333333333333,
      "empirical_quadrant": "Q4: low capability, high risk",
      "confidence_quadrant": "Q4: low capability, high risk",
      "empirical_routing_policy": {
        "limit_bin": 4,