bin,n_samples,success_rate,avg_latency,validity_rate
0,15,1.0,2.403129529953003,1.0
1,15,1.0,3.6279545783996583,1.0
2,15,1.0,2.897085428237915,1.0
3,15,1.0,2.3225104649861654,1.0
4,15,1.0,3.8520285924275717,1.0
