bin,n_samples,success_rate,avg_latency,validity_rate
0,15,0.6666666666666666,10.073215373357137,0.6666666666666666
1,15,0.7333333333333333,10.39439435005188,0.7333333333333333
2,15,0.5333333333333333,10.746831782658894,0.5333333333333333
3,15,0.6666666666666666,10.142414506276449,0.6666666666666666
4,15,0.6666666666666666,10.082815742492675,0.6666666666666666
