{
  "task": "classification",
  "model": "qwen2.5_7b",
  "seed": 43,
  "features": [
    "token_count",
    "type_token_ratio",
    "avg_word_length",
    "sentence_count",
    "flesch_kincaid_grade",
    "gunning_fog",
    "stopword_ratio",
    "dep_tree_depth_mean",
    "entity_density",
    "negation_count",
    "sentiment_lexicon_score"
  ],
  "feature_selection": {
    "initial_count": 11,
    "final_count": 11,
    "dropped": {
      "null_or_nonfinite": [],
      "low_variance": [],
      "high_correlation": []
    }
  },
  "tau": 0.2,
  "class_weight": "balanced",
  "scaler_mean": [
    46.3,
    0.8515184932806664,
    5.082825126098143,
    3.2133333333333334,
    9.538482113918096,
    12.797915347640298,
    0.4072881620118678,
    2.5394967503450663,
    0.10857388920967305,
    0.16,
    6.912120649262365e-05
  ],
  "scaler_scale": [
    14.279939308927984,
    0.0500390276953745,
    0.3736012319931772,
    0.5487764167268449,
    1.8948379645973124,
    2.1213584292625347,
    0.06616517666074645,
    0.5473695922471431,
    0.05451025035393206,
    0.4013311184877977,
    0.00982102493981549
  ],
  "weights": [
    0.23432086915231026,
    -0.1258504326830103,
    -0.8069170741851215,
    0.1223763074789194,
    0.28348971122790184,
    0.3334770671346083,
    -0.8331236587462686,
    0.07145506672526707,
    -0.5338615221340572,
    -0.06173049901807515,
    0.1252694149638194
  ],
  "bias": -0.01134602955836889,
  "metrics": {
    "train": {
      "n": 150.0,
      "positive_rate": 0.47333333333333333,
      "avg_pred_fail_prob": 0.4953601853051263,
      "f1": 0.6540284360189573,
      "accuracy": 0.5133333333333333,
      "roc_auc": 0.7548582635050811,
      "pr_auc": 0.7463995889845548,
      "brier": 0.20197060037006434,
      "ece_10bin": 0.08865198328238767
    },
    "val": {
      "n": 53.0,
      "positive_rate": 0.6037735849056604,
      "avg_pred_fail_prob": 0.5298982701032444,
      "f1": 0.7619047619047619,
      "accuracy": 0.6226415094339622,
      "roc_auc": 0.6190476190476191,
      "pr_auc": 0.7463190020789932,
      "brier": 0.23875650604501644,
      "ece_10bin": 0.14400216821824346
    },
    "test": {
      "n": 42.0,
      "positive_rate": 0.6190476190476191,
      "avg_pred_fail_prob": 0.5028095499865246,
      "f1": 0.7575757575757576,
      "accuracy": 0.6190476190476191,
      "roc_auc": 0.7139423076923077,
      "pr_auc": 0.828279290358059,
      "brier": 0.21925137691107335,
      "ece_10bin": 0.19109347323511067
    }
  }
}