{
  "task": "classification",
  "model": "qwen2.5_0.5b",
  "seed": 43,
  "features": [
    "token_count",
    "type_token_ratio",
    "avg_word_length",
    "sentence_count",
    "flesch_kincaid_grade",
    "gunning_fog",
    "stopword_ratio",
    "dep_tree_depth_mean",
    "entity_density",
    "negation_count",
    "sentiment_lexicon_score"
  ],
  "feature_selection": {
    "initial_count": 11,
    "final_count": 11,
    "dropped": {
      "null_or_nonfinite": [],
      "low_variance": [],
      "high_correlation": []
    }
  },
  "tau": 0.49999999999999994,
  "class_weight": "balanced",
  "scaler_mean": [
    46.3,
    0.8515184932806664,
    5.082825126098143,
    3.2133333333333334,
    9.538482113918096,
    12.797915347640298,
    0.4072881620118678,
    2.5394967503450663,
    0.10857388920967305,
    0.16,
    6.912120649262365e-05
  ],
  "scaler_scale": [
    14.279939308927984,
    0.0500390276953745,
    0.3736012319931772,
    0.5487764167268449,
    1.8948379645973124,
    2.1213584292625347,
    0.06616517666074645,
    0.5473695922471431,
    0.05451025035393206,
    0.4013311184877977,
    0.00982102493981549
  ],
  "weights": [
    0.6809150133227011,
    -0.2612300127774035,
    -0.7928651292771776,
    -0.06482459658892928,
    0.535182338794172,
    0.07841416584027563,
    -0.8349922300943287,
    0.032152689691733884,
    1.0925418953993529,
    0.10128452185337446,
    -0.10965791169417578
  ],
  "bias": 0.6061936211992497,
  "metrics": {
    "train": {
      "n": 150.0,
      "positive_rate": 0.6133333333333333,
      "avg_pred_fail_prob": 0.5423528999253552,
      "f1": 0.782608695652174,
      "accuracy": 0.7666666666666667,
      "roc_auc": 0.8585082458770614,
      "pr_auc": 0.9233190244398415,
      "brier": 0.15099414909446054,
      "ece_10bin": 0.07458098961468329
    },
    "val": {
      "n": 53.0,
      "positive_rate": 0.6415094339622641,
      "avg_pred_fail_prob": 0.5897997107150181,
      "f1": 0.8387096774193549,
      "accuracy": 0.8113207547169812,
      "roc_auc": 0.8575851393188854,
      "pr_auc": 0.9336649872939783,
      "brier": 0.1475937086416036,
      "ece_10bin": 0.1272673683582282
    },
    "test": {
      "n": 42.0,
      "positive_rate": 0.6190476190476191,
      "avg_pred_fail_prob": 0.49341134630189404,
      "f1": 0.7441860465116279,
      "accuracy": 0.7380952380952381,
      "roc_auc": 0.721153846153846,
      "pr_auc": 0.8745551019910587,
      "brier": 0.1982849113834976,
      "ece_10bin": 0.2550726393063638
    }
  }
}