{
  "task": "classification",
  "model": "qwen2.5_3b",
  "seed": 43,
  "features": [
    "token_count",
    "type_token_ratio",
    "avg_word_length",
    "sentence_count",
    "flesch_kincaid_grade",
    "gunning_fog",
    "stopword_ratio",
    "dep_tree_depth_mean",
    "entity_density",
    "negation_count",
    "sentiment_lexicon_score"
  ],
  "feature_selection": {
    "initial_count": 11,
    "final_count": 11,
    "dropped": {
      "null_or_nonfinite": [],
      "low_variance": [],
      "high_correlation": []
    }
  },
  "tau": 0.39999999999999997,
  "class_weight": "balanced",
  "scaler_mean": [
    46.3,
    0.8515184932806664,
    5.082825126098143,
    3.2133333333333334,
    9.538482113918096,
    12.797915347640298,
    0.4072881620118678,
    2.5394967503450663,
    0.10857388920967305,
    0.16,
    6.912120649262365e-05
  ],
  "scaler_scale": [
    14.279939308927984,
    0.0500390276953745,
    0.3736012319931772,
    0.5487764167268449,
    1.8948379645973124,
    2.1213584292625347,
    0.06616517666074645,
    0.5473695922471431,
    0.05451025035393206,
    0.4013311184877977,
    0.00982102493981549
  ],
  "weights": [
    0.8472802913519372,
    0.13976145780319937,
    -0.5778129032714925,
    -0.20528932039319928,
    0.4306368501018009,
    0.053028795829583496,
    -0.817385444008508,
    -0.044195869427608586,
    0.008935248797581993,
    -0.22959804696567818,
    -0.06683245679769027
  ],
  "bias": -0.1064730996834447,
  "metrics": {
    "train": {
      "n": 150.0,
      "positive_rate": 0.4066666666666667,
      "avg_pred_fail_prob": 0.4730624301719278,
      "f1": 0.6857142857142857,
      "accuracy": 0.7066666666666667,
      "roc_auc": 0.8156198194879352,
      "pr_auc": 0.8013303309691465,
      "brier": 0.17123610268852835,
      "ece_10bin": 0.10313395376548784
    },
    "val": {
      "n": 53.0,
      "positive_rate": 0.4528301886792453,
      "avg_pred_fail_prob": 0.5219896044480413,
      "f1": 0.7169811320754716,
      "accuracy": 0.7169811320754716,
      "roc_auc": 0.7442528735632185,
      "pr_auc": 0.7041222807966154,
      "brier": 0.21126450652280357,
      "ece_10bin": 0.17736589821618143
    },
    "test": {
      "n": 42.0,
      "positive_rate": 0.38095238095238093,
      "avg_pred_fail_prob": 0.4574074960241818,
      "f1": 0.7777777777777778,
      "accuracy": 0.8095238095238095,
      "roc_auc": 0.9543269230769231,
      "pr_auc": 0.9525240384615384,
      "brier": 0.10612353339271503,
      "ece_10bin": 0.22126085630299983
    }
  }
}