{
  "task": "classification",
  "matched_query_count": 72,
  "models_used": [
    "tinyllama:1.1b",
    "qwen2.5:1.5b",
    "phi3:mini",
    "groq:llama-3.3-70b-versatile"
  ],
  "thresholds": {
    "tinyllama_1.1b": {
      "display_name": "tinyllama:1.1b",
      "matched_query_count": 72,
      "tau_cap_bin": null,
      "tau_cap_difficulty": null,
      "tau_risk_bin": null,
      "tau_risk_difficulty": null,
      "capability_curve": {
        "0": 1.0,
        "1": 1.0,
        "2": 1.0,
        "3": 0.9333333333333333,
        "4": 0.9166666666666666
      },
      "risk_curve": {
        "0": 0.0,
        "1": 0.0,
        "2": 0.0,
        "3": 0.06666666666666667,
        "4": 0.08333333333333333
      },
      "expected_capability_curve": {
        "0": 1.0,
        "1": 1.0,
        "2": 1.0,
        "3": 0.9333333333333333,
        "4": 0.9166666666666666
      },
      "expected_risk_curve": {
        "0": 0.0,
        "1": 0.0,
        "2": 0.0,
        "3": 0.06666666666666667,
        "4": 0.08333333333333333
      },
      "counts_by_bin": {
        "0": 15,
        "1": 15,
        "2": 15,
        "3": 15,
        "4": 12
      },
      "semantic_failure_counts": {
        "timeout_runtime": {
          "3": 1
        },
        "wrong_label": {
          "4": 1
        }
      },
      "semantic_failures_by_bin": {
        "3": {
          "timeout_runtime": 1
        },
        "4": {
          "wrong_label": 1
        },
        "0": {},
        "1": {},
        "2": {}
      }
    },
    "qwen2.5_1.5b": {
      "display_name": "qwen2.5:1.5b",
      "matched_query_count": 72,
      "tau_cap_bin": null,
      "tau_cap_difficulty": null,
      "tau_risk_bin": null,
      "tau_risk_difficulty": null,
      "capability_curve": {
        "0": 1.0,
        "1": 0.8666666666666667,
        "2": 1.0,
        "3": 0.9333333333333333,
        "4": 1.0
      },
      "risk_curve": {
        "0": 0.0,
        "1": 0.13333333333333333,
        "2": 0.0,
        "3": 0.06666666666666667,
        "4": 0.0
      },
      "expected_capability_curve": {
        "0": 1.0,
        "1": 0.8666666666666667,
        "2": 1.0,
        "3": 0.9333333333333333,
        "4": 1.0
      },
      "expected_risk_curve": {
        "0": 0.0,
        "1": 0.13333333333333333,
        "2": 0.0,
        "3": 0.06666666666666667,
        "4": 0.0
      },
      "counts_by_bin": {
        "0": 15,
        "1": 15,
        "2": 15,
        "3": 15,
        "4": 12
      },
      "semantic_failure_counts": {
        "wrong_label": {
          "1": 2,
          "3": 1
        }
      },
      "semantic_failures_by_bin": {
        "1": {
          "wrong_label": 2
        },
        "3": {
          "wrong_label": 1
        },
        "0": {},
        "2": {},
        "4": {}
      }
    },
    "phi3_mini": {
      "display_name": "phi3:mini",
      "matched_query_count": 72,
      "tau_cap_bin": null,
      "tau_cap_difficulty": null,
      "tau_risk_bin": null,
      "tau_risk_difficulty": null,
      "capability_curve": {
        "0": 1.0,
        "1": 1.0,
        "2": 1.0,
        "3": 1.0,
        "4": 1.0
      },
      "risk_curve": {
        "0": 0.0,
        "1": 0.0,
        "2": 0.0,
        "3": 0.0,
        "4": 0.0
      },
      "expected_capability_curve": {
        "0": 1.0,
        "1": 1.0,
        "2": 1.0,
        "3": 1.0,
        "4": 1.0
      },
      "expected_risk_curve": {
        "0": 0.0,
        "1": 0.0,
        "2": 0.0,
        "3": 0.0,
        "4": 0.0
      },
      "counts_by_bin": {
        "0": 15,
        "1": 15,
        "2": 15,
        "3": 15,
        "4": 12
      },
      "semantic_failure_counts": {},
      "semantic_failures_by_bin": {
        "0": {},
        "1": {},
        "2": {},
        "3": {},
        "4": {}
      }
    },
    "llama_llama-3.3-70b-versatile": {
      "display_name": "groq:llama-3.3-70b-versatile",
      "matched_query_count": 72,
      "tau_cap_bin": null,
      "tau_cap_difficulty": null,
      "tau_risk_bin": null,
      "tau_risk_difficulty": null,
      "capability_curve": {
        "0": 1.0,
        "1": 0.9333333333333333,
        "2": 1.0,
        "3": 1.0,
        "4": 1.0
      },
      "risk_curve": {
        "0": 0.0,
        "1": 0.06666666666666667,
        "2": 0.0,
        "3": 0.0,
        "4": 0.0
      },
      "expected_capability_curve": {
        "0": 1.0,
        "1": 0.9333333333333333,
        "2": 1.0,
        "3": 1.0,
        "4": 1.0
      },
      "expected_risk_curve": {
        "0": 0.0,
        "1": 0.06666666666666667,
        "2": 0.0,
        "3": 0.0,
        "4": 0.0
      },
      "counts_by_bin": {
        "0": 15,
        "1": 15,
        "2": 15,
        "3": 15,
        "4": 12
      },
      "semantic_failure_counts": {
        "wrong_label": {
          "1": 1
        }
      },
      "semantic_failures_by_bin": {
        "1": {
          "wrong_label": 1
        },
        "0": {},
        "2": {},
        "3": {},
        "4": {}
      }
    }
  },
  "decision_matrix": {
    "tinyllama_1.1b": {
      "display_name": "tinyllama:1.1b",
      "avg_expected_capability": 0.97,
      "avg_expected_risk": 0.03,
      "empirical_quadrant": "Q1: high capability, low risk",
      "confidence_quadrant": "Q1: high capability, low risk",
      "empirical_routing_policy": {
        "limit_bin": 4,
        "limit_difficulty": 1.0,
        "sparse_bins": [],
        "route_rule": "Empirically route to SLM when difficulty_bin <= 4; otherwise route to BASELINE."
      },
      "confidence_certified_routing_policy": {
        "risk_gate_pass": true,
        "capability_gate_pass": false,
        "limit_bin": null,
        "limit_difficulty": null,
        "sparse_bins": [],
        "route_rule": "Route all queries to BASELINE; SLM never clears the capability gate with Wilson confidence."
      }
    },
    "qwen2.5_1.5b": {
      "display_name": "qwen2.5:1.5b",
      "avg_expected_capability": 0.96,
      "avg_expected_risk": 0.04,
      "empirical_quadrant": "Q1: high capability, low risk",
      "confidence_quadrant": "Q1: high capability, low risk",
      "empirical_routing_policy": {
        "limit_bin": 4,
        "limit_difficulty": 1.0,
        "sparse_bins": [],
        "route_rule": "Empirically route to SLM when difficulty_bin <= 4; otherwise route to BASELINE."
      },
      "confidence_certified_routing_policy": {
        "risk_gate_pass": true,
        "capability_gate_pass": false,
        "limit_bin": null,
        "limit_difficulty": null,
        "sparse_bins": [],
        "route_rule": "Route all queries to BASELINE; SLM never clears the capability gate with Wilson confidence."
      }
    },
    "phi3_mini": {
      "display_name": "phi3:mini",
      "avg_expected_capability": 1.0,
      "avg_expected_risk": 0.0,
      "empirical_quadrant": "Q1: high capability, low risk",
      "confidence_quadrant": "Q1: high capability, low risk",
      "empirical_routing_policy": {
        "limit_bin": 4,
        "limit_difficulty": 1.0,
        "sparse_bins": [],
        "route_rule": "Empirically route to SLM when difficulty_bin <= 4; otherwise route to BASELINE."
      },
      "confidence_certified_routing_policy": {
        "risk_gate_pass": true,
        "capability_gate_pass": false,
        "limit_bin": null,
        "limit_difficulty": null,
        "sparse_bins": [],
        "route_rule": "Route all queries to BASELINE; SLM never clears the capability gate with Wilson confidence."
      }
    },
    "llama_llama-3.3-70b-versatile": {
      "display_name": "groq:llama-3.3-70b-versatile",
      "avg_expected_capability": 0.9866666666666667,
      "avg_expected_risk": 0.013333333333333332,
      "empirical_quadrant": "Q1: high capability, low risk",
      "confidence_quadrant": "Q1: high capability, low risk",
      "empirical_routing_policy": {
        "limit_bin": 4,
        "limit_difficulty": 1.0,
        "sparse_bins": [],