{
  "task": "code_generation",
  "primary_metric": "pass@1",
  "baseline_model": "groq:llama-3.3-70b-versatile",
  "models": {
    "qwen2.5_0.5b": {
      "sample_count": 353,
      "capability": {
        "score": 0.8583569405099151,
        "semantic_risk": 0.050991501416430565,
        "primary_metric_score_name": "pass@1",
        "valid_output_rate": 0.8583569405099151,
        "per_bin": {
          "0": {
            "sample_count": 28,
            "capability": 0.75,
            "semantic_risk": 0.08999999999999998,
            "avg_latency_sec": 5.1860607142857145,
            "valid_output_rate": 0.75
          },
          "1": {
            "sample_count": 30,
            "capability": 0.7,
            "semantic_risk": 0.10799999999999997,
            "avg_latency_sec": 5.590856666666667,
            "valid_output_rate": 0.7
          },
          "2": {
            "sample_count": 33,
            "capability": 0.8181818181818182,
            "semantic_risk": 0.06545454545454545,
            "avg_latency_sec": 4.9091000000000005,
            "valid_output_rate": 0.8181818181818182
          },
          "3": {
            "sample_count": 18,
            "capability": 0.7222222222222222,
            "semantic_risk": 0.09999999999999999,
            "avg_latency_sec": 6.195133333333333,
            "valid_output_rate": 0.7222222222222222
          },
          "4": {
            "sample_count": 244,
            "capability": 0.9057377049180327,
            "semantic_risk": 0.03393442622950821,
            "avg_latency_sec": 4.714732377049177,
            "valid_output_rate": 0.9057377049180327
          }
        }
      },
      "operational": {
        "avg_latency_sec": 4.920234560906516,
        "p50_latency_sec": 4.655,
        "p95_latency_sec": 8.370979999999998,
        "p99_latency_sec": 10.803720000000013,
        "throughput_qps": 0.20324234294548707,
        "success_rate": 0.8583569405099151,
        "error_rate": 0.141643059490085
      },
      "model_key": "qwen2.5_0.5b",
      "display_name": "qwen2.5:0.5b"
    },
    "qwen2.5_3b": {
      "sample_count": 353,
      "capability": {
        "score": 0.9943342776203966,
        "semantic_risk": 0.0051133144475920675,
        "primary_metric_score_name": "pass@1",
        "valid_output_rate": 1.0,
        "per_bin": {
          "0": {
            "sample_count": 28,
            "capability": 0.9642857142857143,
            "semantic_risk": 0.032232142857142855,
            "avg_latency_sec": 13.340010714285714,
            "valid_output_rate": 1.0
          },
          "1": {
            "sample_count": 30,
            "capability": 1.0,
            "semantic_risk": 0.0,
            "avg_latency_sec": 17.235153333333333,
            "valid_output_rate": 1.0
          },
          "2": {
            "sample_count": 33,
            "capability": 1.0,
            "semantic_risk": 0.0,
            "avg_latency_sec": 13.101218181818183,
            "valid_output_rate": 1.0
          },
          "3": {
            "sample_count": 18,
            "capability": 1.0,
            "semantic_risk": 0.0,
            "avg_latency_sec": 15.695794444444443,
            "valid_output_rate": 1.0
          },
          "4": {
            "sample_count": 244,
            "capability": 0.9959016393442623,
            "semantic_risk": 0.0036987704918032788,
            "avg_latency_sec": 11.916336065573763,
            "valid_output_rate": 1.0
          }
        }
      },
      "operational": {
        "avg_latency_sec": 12.784774504249306,
        "p50_latency_sec": 10.4545,
        "p95_latency_sec": 28.87474,
        "p99_latency_sec": 35.29902,
        "throughput_qps": 0.07821803972120335,
        "success_rate": 1.0,
        "error_rate": 0.0
      },
      "model_key": "qwen2.5_3b",
      "display_name": "qwen2.5:3b"
    },
    "qwen2.5_7b": {
      "sample_count": 353,
      "capability": {
        "score": 1.0,
        "semantic_risk": 0.0,
        "primary_metric_score_name": "pass@1",
        "valid_output_rate": 1.0,
        "per_bin": {
          "0": {
            "sample_count": 28,
            "capability": 1.0,
            "semantic_risk": 0.0,
            "avg_latency_sec": 24.783196428571422,
            "valid_output_rate": 1.0
          },
          "1": {
            "sample_count": 30,
            "capability": 1.0,
            "semantic_risk": 0.0,
            "avg_latency_sec": 20.38266333333333,
            "valid_output_rate": 1.0
          },
          "2": {
            "sample_count": 33,
            "capability": 1.0,
            "semantic_risk": 0.0,
            "avg_latency_sec": 29.85968484848485,
            "valid_output_rate": 1.0
          },
          "3": {
            "sample_count": 18,
            "capability": 1.0,
            "semantic_risk": 0.0,
            "avg_latency_sec": 25.07143333333333,
            "valid_output_rate": 1.0
          },
          "4": {
            "sample_count": 244,
            "capability": 1.0,
            "semantic_risk": 0.0,
            "avg_latency_sec": 30.5445549180328,
            "valid_output_rate": 1.0
          }
        }
      },
      "operational": {
        "avg_latency_sec": 28.880839093484404,
        "p50_latency_sec": 28.0506,
        "p95_latency_sec": 58.965519999999984,
        "p99_latency_sec": 80.21516800000006,
        "throughput_qps": 0.03462503276871906,
        "success_rate": 1.0,
        "error_rate": 0.0
      },
      "model_key": "qwen2.5_7b",
      "display_name": "qwen2.5:7b"
    },
    "llama_llama-3.3-70b-versatile": {
      "sample_count": 353,
      "capability": {
        "score": 0.9971671388101983,
        "semantic_risk": 0.0025566572237960337,
        "primary_metric_score_name": "pass@1",
        "valid_output_rate": 1.0,
        "per_bin": {
          "0": {
            "sample_count": 28,
            "capability": 1.0,
            "semantic_risk": 0.0,
            "avg_latency_sec": 0.4221178571428572,
            "valid_output_rate": 1.0
          },
          "1": {
            "sample_count": 30,
            "capability": 1.0,
            "semantic_risk": 0.0,
            "avg_latency_sec": 0.4339633333333333,
            "valid_output_rate": 1.0
          },
          "2": {
            "sample_count": 33,
            "capability": 1.0,
            "semantic_risk": 0.0,
            "avg_latency_sec": 0.5707848484848486,
            "valid_output_rate": 1.0
          },
          "3": {
            "sample_count": 18,
            "capability": 1.0,
            "semantic_risk": 0.0,
            "avg_latency_sec": 0.5302666666666668,
            "valid_output_rate": 1.0
          },
          "4": {
            "sample_count": 244,
            "capability": 0.9959016393442623,
            "semantic_risk": 0.0036987704918032788,
            "avg_latency_sec": 0.4769356557377047,
            "valid_output_rate": 1.0
          }
        }
      },
      "operational": {
        "avg_latency_sec": 0.48042832861189816,
        "p50_latency_sec": 0.4458,
        "p95_latency_sec": 0.8843199999999998,
        "p99_latency_sec": 1.0784440000000004,
        "throughput_qps": 2.0814759256376503,
        "success_rate": 1.0,
        "error_rate": 0.0
      },
      "model_key": "llama_llama-3.3-70b-versatile",
      "display_name": "groq:llama-3.3-70b-versatile"
    }
  }
}