{
  "Bin 0 (Easy)": {
    "pareto_models": [
      {
        "model_name": "TinyLLaMA",
        "model_params": 0.5,
        "accuracy": 0.0,
        "latency_ms": 5.0,
        "cost_per_1k": 0.0,
        "quality_score": 0.0,
        "speed_score": 2.0,
        "cost_score": 1000.0,
        "composite_score": 200.4
      },
      {
        "model_name": "Qwen2.5",
        "model_params": 1.5,
        "accuracy": 0.9,
        "latency_ms": 6863.003788391749,
        "cost_per_1k": 0.0,
        "quality_score": 0.9,
        "speed_score": 0.0014570879323881,
        "cost_score": 1000.0,
        "composite_score": 200.54029141758647
      },
      {
        "model_name": "Mixtral-8x7B",
        "model_params": 45.0,
        "accuracy": 0.0,
        "latency_ms": 2.0,
        "cost_per_1k": 0.27,
        "quality_score": 0.0,
        "speed_score": 5.0,
        "cost_score": 3.571428571428571,
        "composite_score": 1.7142857142857144
      },
      {
        "model_name": "Llama-3.3-70B",
        "model_params": 70.0,
        "accuracy": 0.6833333333333333,
        "latency_ms": 2963.619303703308,
        "cost_per_1k": 0.4,
        "quality_score": 0.6833333333333333,
        "speed_score": 0.0033742525524462,
        "cost_score": 2.4390243902439024,
        "composite_score": 0.8984797285592697
      }
    ],
    "dominated_models": [
      {
        "model_name": "Phi-3",
        "model_params": 3.8,
        "accuracy": 0.8777777777777778,
        "latency_ms": 8830.313714345297,
        "cost_per_1k": 0.0,
        "quality_score": 0.8777777777777778,
        "speed_score": 0.0011324625968559,
        "cost_score": 1000.0,
        "composite_score": 200.52689315918605
      }
    ],
    "best_accuracy_model": {
      "model_name": "Qwen2.5",
      "model_params": 1.5,
      "accuracy": 0.9,
      "latency_ms": 6863.003788391749,
      "cost_per_1k": 0.0,
      "quality_score": 0.9,
      "speed_score": 0.0014570879323881,
      "cost_score": 1000.0,
      "composite_score": 200.54029141758647
    },
    "best_latency_model": {
      "model_name": "Mixtral-8x7B",
      "model_params": 45.0,
      "accuracy": 0.0,
      "latency_ms": 2.0,
      "cost_per_1k": 0.27,
      "quality_score": 0.0,
      "speed_score": 5.0,
      "cost_score": 3.571428571428571,
      "composite_score": 1.7142857142857144
    },
    "best_cost_model": {
      "model_name": "TinyLLaMA",
      "model_params": 0.5,
      "accuracy": 0.0,
      "latency_ms": 5.0,
      "cost_per_1k": 0.0,
      "quality_score": 0.0,
      "speed_score": 2.0,
      "cost_score": 1000.0,
      "composite_score": 200.4
    },
    "best_overall_model": {
      "model_name": "Qwen2.5",
      "model_params": 1.5,
      "accuracy": 0.9,
      "latency_ms": 6863.003788391749,
      "cost_per_1k": 0.0,
      "quality_score": 0.9,
      "speed_score": 0.0014570879323881,
      "cost_score": 1000.0,
      "composite_score": 200.54029141758647
    },
    "pareto_count": 4,
    "efficiency": "4 of 5 models on frontier"
  },
  "Bin 1 (Medium)": {
    "pareto_models": [
      {
        "model_name": "TinyLLaMA",
        "model_params": 0.5,
        "accuracy": 0.0,
        "latency_ms": 5.0,
        "cost_per_1k": 0.0,
        "quality_score": 0.0,
        "speed_score": 2.0,
        "cost_score": 1000.0,
        "composite_score": 200.4
      },
      {
        "model_name": "Qwen2.5",
        "model_params": 1.5,
        "accuracy": 0.925,
        "latency_ms": 6344.473298390706,
        "cost_per_1k": 0.0,
        "quality_score": 0.925,
        "speed_score": 0.0015761749683045,
        "cost_score": 1000.0,
        "composite_score": 200.55531523499369
      },
      {
        "model_name": "Mixtral-8x7B",
        "model_params": 45.0,
        "accuracy": 0.0,
        "latency_ms": 2.0,
        "cost_per_1k": 0.27,
        "quality_score": 0.0,
        "speed_score": 5.0,
        "cost_score": 3.571428571428571,
        "composite_score": 1.7142857142857144
      },
      {
        "model_name": "Llama-3.3-70B",
        "model_params": 70.0,
        "accuracy": 0.6833333333333333,
        "latency_ms": 3142.333507537842,
        "cost_per_1k": 0.4,
        "quality_score": 0.6833333333333333,
        "speed_score": 0.0031823483968241,
        "cost_score": 2.4390243902439024,
        "composite_score": 0.8984413477281452
      }
    ],
    "dominated_models": [
      {
        "model_name": "Phi-3",
        "model_params": 3.8,
        "accuracy": 0.9222222222222222,
        "latency_ms": 9121.365033255684,
        "cost_per_1k": 0.0,
        "quality_score": 0.9222222222222222,
        "speed_score": 0.001096327135636,
        "cost_score": 1000.0,
        "composite_score": 200.5535525987605
      }
    ],
    "best_accuracy_model": {
      "model_name": "Qwen2.5",
      "model_params": 1.5,
      "accuracy": 0.925,
      "latency_ms": 6344.473298390706,
      "cost_per_1k": 0.0,
      "quality_score": 0.925,
      "speed_score": 0.0015761749683045,
      "cost_score": 1000.0,
      "composite_score": 200.55531523499369
    },
    "best_latency_model": {
      "model_name": "Mixtral-8x7B",
      "model_params": 45.0,
      "accuracy": 0.0,
      "latency_ms": 2.0,
      "cost_per_1k": 0.27,
      "quality_score": 0.0,
      "speed_score": 5.0,
      "cost_score": 3.571428571428571,
      "composite_score": 1.7142857142857144
    },
    "best_cost_model": {
      "model_name": "TinyLLaMA",
      "model_params": 0.5,
      "accuracy": 0.0,
      "latency_ms": 5.0,
      "cost_per_1k": 0.0,
      "quality_score": 0.0,
      "speed_score": 2.0,
      "cost_score": 1000.0,
      "composite_score": 200.4
    },
    "best_overall_model": {
      "model_name": "Qwen2.5",
      "model_params": 1.5,
      "accuracy": 0.925,
      "latency_ms": 6344.473298390706,
      "cost_per_1k": 0.0,
      "quality_score": 0.925,
      "speed_score": 0.0015761749683045,
      "cost_score": 1000.0,
      "composite_score": 200.55531523499369
    },
    "pareto_count": 4,
    "efficiency": "4 of 5 models on frontier"
  },
  "Bin 2 (Hard)": {
    "pareto_models": [
      {
        "model_name": "TinyLLaMA",
        "model_params": 0.5,
        "accuracy": 0.0,
        "latency_ms": 5.0,
        "cost_per_1k": 0.0,
        "quality_score": 0.0,
        "speed_score": 2.0,
        "cost_score": 1000.0,
        "composite_score": 200.4
      },
      {
        "model_name": "Qwen2.5",
        "model_params": 1.5,
        "accuracy": 0.925,
        "latency_ms": 6734.1806054115295,
        "cost_per_1k": 0.0,
        "quality_score": 0.925,
        "speed_score": 0.0014849616584331,
        "cost_score": 1000.0,
        "composite_score": 200.55529699233168
      },
      {
        "model_name": "Mixtral-8x7B",
        "model_params": 45.0,
        "accuracy": 0.0,
        "latency_ms": 2.0,
        "cost_per_1k": 0.27,
        "quality_score": 0.0,
        "speed_score": 5.0,
        "cost_score": 3.571428571428571,
        "composite_score": 1.7142857142857144
      },
      {
        "model_name": "Llama-3.3-70B",
        "model_params": 70.0,
        "accuracy": 0.6916666666666667,
        "latency_ms": 3263.194102048874,
        "cost_per_1k": 0.4,
        "quality_score": 0.6916666666666667,
        "speed_score": 0.0030644821261846,
        "cost_score": 2.4390243902439024,
        "composite_score": 0.9034177744740174
      }
    ],
    "dominated_models": [
      {
        "model_name": "Phi-3",
        "model_params": 3.8,
        "accuracy": 0.8444444444444444,
        "latency_ms": 9390.636650721231,
        "cost_per_1k": 0.0,
        "quality_score": 0.8444444444444444,
        "speed_score": 0.0010648905257378,
        "cost_score": 1000.0,
        "composite_score": 200.5068796447718
      }
    ],
    "best_accuracy_model": {
      "model_name": "Qwen2.5",
      "model_params": 1.5,
      "accuracy": 0.925,
      "latency_ms": 6734.1806054115295,
      "cost_per_1k": 0.0,
      "quality_score": 0.925,