{
  "Bin 0 (Easy)": {
    "pareto_models": [
      {
        "model_name": "TinyLLaMA",
        "model_params": 0.5,
        "accuracy": 0.9333333333333332,
        "latency_ms": 5317.771863937378,
        "cost_per_1k": 0.0,
        "quality_score": 0.9333333333333332,
        "speed_score": 0.0018804868384473,
        "cost_score": 1000.0,
        "composite_score": 200.56037609736768
      },
      {
        "model_name": "Mixtral-8x7B",
        "model_params": 45.0,
        "accuracy": 0.0,
        "latency_ms": 2.0,
        "cost_per_1k": 0.27,
        "quality_score": 0.0,
        "speed_score": 5.0,
        "cost_score": 3.571428571428571,
        "composite_score": 1.7142857142857144
      },
      {
        "model_name": "Llama-3.3-70B",
        "model_params": 70.0,
        "accuracy": 0.6833333333333333,
        "latency_ms": 2963.619303703308,
        "cost_per_1k": 0.4,
        "quality_score": 0.6833333333333333,
        "speed_score": 0.0033742525524462,
        "cost_score": 2.4390243902439024,
        "composite_score": 0.8984797285592697
      }
    ],
    "dominated_models": [
      {
        "model_name": "Qwen2.5",
        "model_params": 1.5,
        "accuracy": 0.9,
        "latency_ms": 6863.003788391749,
        "cost_per_1k": 0.0,
        "quality_score": 0.9,
        "speed_score": 0.0014570879323881,
        "cost_score": 1000.0,
        "composite_score": 200.54029141758647
      },
      {
        "model_name": "Phi-3",
        "model_params": 3.8,
        "accuracy": 0.7416666666666667,
        "latency_ms": 10975.699396058915,
        "cost_per_1k": 0.0,
        "quality_score": 0.7416666666666667,
        "speed_score": 0.0009111036699484,
        "cost_score": 1000.0,
        "composite_score": 200.445182220734
      }
    ],
    "best_accuracy_model": {
      "model_name": "TinyLLaMA",
      "model_params": 0.5,
      "accuracy": 0.9333333333333332,
      "latency_ms": 5317.771863937378,
      "cost_per_1k": 0.0,
      "quality_score": 0.9333333333333332,
      "speed_score": 0.0018804868384473,
      "cost_score": 1000.0,
      "composite_score": 200.56037609736768
    },
    "best_latency_model": {
      "model_name": "Mixtral-8x7B",
      "model_params": 45.0,
      "accuracy": 0.0,
      "latency_ms": 2.0,
      "cost_per_1k": 0.27,
      "quality_score": 0.0,
      "speed_score": 5.0,
      "cost_score": 3.571428571428571,
      "composite_score": 1.7142857142857144
    },
    "best_cost_model": {
      "model_name": "TinyLLaMA",
      "model_params": 0.5,
      "accuracy": 0.9333333333333332,
      "latency_ms": 5317.771863937378,
      "cost_per_1k": 0.0,
      "quality_score": 0.9333333333333332,
      "speed_score": 0.0018804868384473,
      "cost_score": 1000.0,
      "composite_score": 200.56037609736768
    },
    "best_overall_model": {
      "model_name": "TinyLLaMA",
      "model_params": 0.5,
      "accuracy": 0.9333333333333332,
      "latency_ms": 5317.771863937378,
      "cost_per_1k": 0.0,
      "quality_score": 0.9333333333333332,
      "speed_score": 0.0018804868384473,
      "cost_score": 1000.0,
      "composite_score": 200.56037609736768
    },
    "pareto_count": 3,
    "efficiency": "3 of 5 models on frontier"
  },
  "Bin 1 (Medium)": {
    "pareto_models": [
      {
        "model_name": "TinyLLaMA",
        "model_params": 0.5,
        "accuracy": 1.0,
        "latency_ms": 5982.945005098978,
        "cost_per_1k": 0.0,
        "quality_score": 1.0,
        "speed_score": 0.0016714176699731,
        "cost_score": 1000.0,
        "composite_score": 200.600334283534
      },
      {
        "model_name": "Mixtral-8x7B",
        "model_params": 45.0,
        "accuracy": 0.0,
        "latency_ms": 2.0,
        "cost_per_1k": 0.27,
        "quality_score": 0.0,
        "speed_score": 5.0,
        "cost_score": 3.571428571428571,
        "composite_score": 1.7142857142857144
      },
      {
        "model_name": "Llama-3.3-70B",
        "model_params": 70.0,
        "accuracy": 0.6833333333333333,
        "latency_ms": 3142.333507537842,
        "cost_per_1k": 0.4,
        "quality_score": 0.6833333333333333,
        "speed_score": 0.0031823483968241,
        "cost_score": 2.4390243902439024,
        "composite_score": 0.8984413477281452
      }
    ],
    "dominated_models": [
      {
        "model_name": "Qwen2.5",
        "model_params": 1.5,
        "accuracy": 0.925,
        "latency_ms": 6344.473298390706,
        "cost_per_1k": 0.0,
        "quality_score": 0.925,
        "speed_score": 0.0015761749683045,
        "cost_score": 1000.0,
        "composite_score": 200.55531523499369
      },
      {
        "model_name": "Phi-3",
        "model_params": 3.8,
        "accuracy": 0.7845238095238095,
        "latency_ms": 10994.924043047997,
        "cost_per_1k": 0.0,
        "quality_score": 0.7845238095238095,
        "speed_score": 0.0009095106033336,
        "cost_score": 1000.0,
        "composite_score": 200.4708961878349
      }
    ],
    "best_accuracy_model": {
      "model_name": "TinyLLaMA",
      "model_params": 0.5,
      "accuracy": 1.0,
      "latency_ms": 5982.945005098978,
      "cost_per_1k": 0.0,
      "quality_score": 1.0,
      "speed_score": 0.0016714176699731,
      "cost_score": 1000.0,
      "composite_score": 200.600334283534
    },
    "best_latency_model": {
      "model_name": "Mixtral-8x7B",
      "model_params": 45.0,
      "accuracy": 0.0,
      "latency_ms": 2.0,
      "cost_per_1k": 0.27,
      "quality_score": 0.0,
      "speed_score": 5.0,
      "cost_score": 3.571428571428571,
      "composite_score": 1.7142857142857144
    },
    "best_cost_model": {
      "model_name": "TinyLLaMA",
      "model_params": 0.5,
      "accuracy": 1.0,
      "latency_ms": 5982.945005098978,
      "cost_per_1k": 0.0,
      "quality_score": 1.0,
      "speed_score": 0.0016714176699731,
      "cost_score": 1000.0,
      "composite_score": 200.600334283534
    },
    "best_overall_model": {
      "model_name": "TinyLLaMA",
      "model_params": 0.5,
      "accuracy": 1.0,
      "latency_ms": 5982.945005098978,
      "cost_per_1k": 0.0,
      "quality_score": 1.0,
      "speed_score": 0.0016714176699731,
      "cost_score": 1000.0,
      "composite_score": 200.600334283534
    },
    "pareto_count": 3,
    "efficiency": "3 of 5 models on frontier"
  },
  "Bin 2 (Hard)": {
    "pareto_models": [
      {
        "model_name": "TinyLLaMA",
        "model_params": 0.5,
        "accuracy": 0.9333333333333332,
        "latency_ms": 5372.926529248556,
        "cost_per_1k": 0.0,
        "quality_score": 0.9333333333333332,
        "speed_score": 0.0018611830899907,
        "cost_score": 1000.0,
        "composite_score": 200.560372236618
      },
      {
        "model_name": "Mixtral-8x7B",
        "model_params": 45.0,
        "accuracy": 0.0,
        "latency_ms": 2.0,
        "cost_per_1k": 0.27,
        "quality_score": 0.0,
        "speed_score": 5.0,
        "cost_score": 3.571428571428571,
        "composite_score": 1.7142857142857144
      },
      {
        "model_name": "Llama-3.3-70B",
        "model_params": 70.0,
        "accuracy": 0.6916666666666667,
        "latency_ms": 3263.194102048874,
        "cost_per_1k": 0.4,
        "quality_score": 0.6916666666666667,
        "speed_score": 0.0030644821261846,
        "cost_score": 2.4390243902439024,
        "composite_score": 0.9034177744740174
      }
    ],
    "dominated_models": [
      {
        "model_name": "Qwen2.5",
        "model_params": 1.5,
        "accuracy": 0.925,
        "latency_ms": 6734.1806054115295,
        "cost_per_1k": 0.0,
        "quality_score": 0.925,
        "speed_score": 0.0014849616584331,
        "cost_score": 1000.0,
        "composite_score": 200.55529699233168
      },
      {
        "model_name": "Phi-3",
        "model_params": 3.8,
        "accuracy": 0.725,
        "latency_ms": 11108.600399891537,
        "cost_per_1k": 0.0,
        "quality_score": 0.725,