bin,n_samples,success_rate,avg_latency,validity_rate
0,15,1.0,3.2997518380482993,1.0
1,15,1.0,3.441639614105225,1.0
2,15,1.0,3.332503080368042,1.0
3,15,1.0,3.3827349821726482,1.0
4,15,1.0,3.417021306355794,1.0
