bin,n_samples,success_rate,avg_latency,validity_rate
0,45,1.0,15.423693651623196,1.0
1,41,1.0,13.944506645202637,1.0
2,30,1.0,10.500546479225159,1.0
3,30,1.0,11.265448689460754,1.0
4,30,1.0,10.647771978378296,1.0
