{
  "task": "summarization",
  "primary_metric": "rouge_like_match",
  "baseline_model": "groq:llama-3.3-70b-versatile",
  "models": {
    "qwen2.5_0.5b": {
      "sample_count": 258,
      "capability": {
        "score": 0.689922480620155,
        "semantic_risk": 0.07142441860465117,
        "primary_metric_score_name": "rouge_like_match",
        "valid_output_rate": 1.0,
        "per_bin": {
          "0": {
            "sample_count": 24,
            "capability": 0.8333333333333334,
            "semantic_risk": 0.04125,
            "avg_latency_sec": 2.1566083333333332,
            "valid_output_rate": 1.0
          },
          "1": {
            "sample_count": 24,
            "capability": 0.75,
            "semantic_risk": 0.05625,
            "avg_latency_sec": 2.290708333333333,
            "valid_output_rate": 1.0
          },
          "2": {
            "sample_count": 19,
            "capability": 0.631578947368421,
            "semantic_risk": 0.0911842105263158,
            "avg_latency_sec": 2.120452631578947,
            "valid_output_rate": 1.0
          },
          "3": {
            "sample_count": 17,
            "capability": 0.7058823529411765,
            "semantic_risk": 0.06647058823529413,
            "avg_latency_sec": 2.1903176470588233,
            "valid_output_rate": 1.0
          },
          "4": {
            "sample_count": 174,
            "capability": 0.6666666666666666,
            "semantic_risk": 0.0760057471264368,
            "avg_latency_sec": 2.0726275862068975,
            "valid_output_rate": 1.0
          }
        }
      },
      "operational": {
        "avg_latency_sec": 2.1120031007751936,
        "p50_latency_sec": 1.88405,
        "p95_latency_sec": 3.360039999999998,
        "p99_latency_sec": 4.333850000000002,
        "throughput_qps": 0.4734841533295846,
        "success_rate": 1.0,
        "error_rate": 0.0
      },
      "model_key": "qwen2.5_0.5b",
      "display_name": "qwen2.5:0.5b"
    },
    "qwen2.5_3b": {
      "sample_count": 258,
      "capability": {
        "score": 0.7093023255813954,
        "semantic_risk": 0.06750968992248062,
        "primary_metric_score_name": "rouge_like_match",
        "valid_output_rate": 1.0,
        "per_bin": {
          "0": {
            "sample_count": 24,
            "capability": 0.7916666666666666,
            "semantic_risk": 0.051562500000000004,
            "avg_latency_sec": 9.077758333333334,
            "valid_output_rate": 1.0
          },
          "1": {
            "sample_count": 24,
            "capability": 0.7083333333333334,
            "semantic_risk": 0.0721875,
            "avg_latency_sec": 10.430479166666666,
            "valid_output_rate": 1.0
          },
          "2": {
            "sample_count": 19,
            "capability": 0.7894736842105263,
            "semantic_risk": 0.052105263157894745,
            "avg_latency_sec": 8.711305263157897,
            "valid_output_rate": 1.0
          },
          "3": {
            "sample_count": 17,
            "capability": 0.8235294117647058,
            "semantic_risk": 0.043676470588235296,
            "avg_latency_sec": 9.736247058823528,
            "valid_output_rate": 1.0
          },
          "4": {
            "sample_count": 174,
            "capability": 0.6781609195402298,
            "semantic_risk": 0.07307471264367815,
            "avg_latency_sec": 9.574635632183908,
            "valid_output_rate": 1.0
          }
        }
      },
      "operational": {
        "avg_latency_sec": 9.5550980620155,
        "p50_latency_sec": 9.1361,
        "p95_latency_sec": 13.398324999999996,
        "p99_latency_sec": 15.962212000000008,
        "throughput_qps": 0.10465617343848227,
        "success_rate": 1.0,
        "error_rate": 0.0
      },
      "model_key": "qwen2.5_3b",
      "display_name": "qwen2.5:3b"
    },
    "qwen2.5_7b": {
      "sample_count": 258,
      "capability": {
        "score": 0.7015503875968992,
        "semantic_risk": 0.06817829457364342,
        "primary_metric_score_name": "rouge_like_match",
        "valid_output_rate": 1.0,
        "per_bin": {
          "0": {
            "sample_count": 24,
            "capability": 0.7916666666666666,
            "semantic_risk": 0.051562500000000004,
            "avg_latency_sec": 24.357312500000003,
            "valid_output_rate": 1.0
          },
          "1": {
            "sample_count": 24,
            "capability": 0.625,
            "semantic_risk": 0.08718750000000001,
            "avg_latency_sec": 30.567341666666668,
            "valid_output_rate": 1.0
          },
          "2": {
            "sample_count": 19,
            "capability": 0.631578947368421,
            "semantic_risk": 0.0911842105263158,
            "avg_latency_sec": 20.59551052631579,
            "valid_output_rate": 1.0
          },
          "3": {
            "sample_count": 17,
            "capability": 0.7058823529411765,
            "semantic_risk": 0.07279411764705883,
            "avg_latency_sec": 24.551123529411765,
            "valid_output_rate": 1.0
          },
          "4": {
            "sample_count": 174,
            "capability": 0.7068965517241379,
            "semantic_risk": 0.06488505747126436,
            "avg_latency_sec": 30.512327586206883,
            "valid_output_rate": 1.0
          }
        }
      },
      "operational": {
        "avg_latency_sec": 28.82178488372093,
        "p50_latency_sec": 22.113799999999998,
        "p95_latency_sec": 60.43416499999999,
        "p99_latency_sec": 74.09536800000001,
        "throughput_qps": 0.03469597750571021,
        "success_rate": 1.0,
        "error_rate": 0.0
      },
      "model_key": "qwen2.5_7b",
      "display_name": "qwen2.5:7b"
    },
    "llama_llama-3.3-70b-versatile": {
      "sample_count": 258,
      "capability": {
        "score": 0.7015503875968992,
        "semantic_risk": 0.06515503875968995,
        "primary_metric_score_name": "rouge_like_match",
        "valid_output_rate": 1.0,
        "per_bin": {
          "0": {
            "sample_count": 24,
            "capability": 0.7916666666666666,
            "semantic_risk": 0.044270833333333336,
            "avg_latency_sec": 0.6436541666666665,
            "valid_output_rate": 1.0
          },
          "1": {
            "sample_count": 24,
            "capability": 0.8333333333333334,
            "semantic_risk": 0.03395833333333333,
            "avg_latency_sec": 0.5006166666666667,
            "valid_output_rate": 1.0
          },
          "2": {
            "sample_count": 19,
            "capability": 0.631578947368421,
            "semantic_risk": 0.0855263157894737,
            "avg_latency_sec": 0.6688631578947368,
            "valid_output_rate": 1.0
          },
          "3": {
            "sample_count": 17,
            "capability": 0.8235294117647058,
            "semantic_risk": 0.03735294117647059,
            "avg_latency_sec": 0.5135529411764705,
            "valid_output_rate": 1.0
          },
          "4": {
            "sample_count": 174,
            "capability": 0.6666666666666666,
            "semantic_risk": 0.07283045977011494,
            "avg_latency_sec": 0.44945344827586214,
            "valid_output_rate": 1.0
          }
        }
      },
      "operational": {
        "avg_latency_sec": 0.49265968992248077,
        "p50_latency_sec": 0.4021,
        "p95_latency_sec": 1.13749,
        "p99_latency_sec": 1.4450880000000002,
        "throughput_qps": 2.0297987037611063,
        "success_rate": 1.0,
        "error_rate": 0.0
      },
      "model_key": "llama_llama-3.3-70b-versatile",
      "display_name": "groq:llama-3.3-70b-versatile"
    }
  }
}