Model,Macro F1,Micro F1,Exact Match,Schema Valid Rate,Hallucination Rate,F1 Clean,F1 Noisy,Robustness Drop
SmolLM2-1.7B-Instruct,0.47916666666666663,0.5,0.0,1.0,0.16666666666666666,0.5,,
Qwen2.5-0.5B-Instruct,0.16666666666666666,0.2222222222222222,0.0,0.5,0.0,0.2222222222222222,,
Qwen2.5-1.5B-Instruct,0.025,0.04166666666666667,0.0,0.2,0.375,0.04166666666666667,,
