bin,n_samples,success_rate,avg_latency,validity_rate
0,15,0.8666666666666667,3.0345447858174643,0.8666666666666667
1,15,0.8666666666666667,3.357085959116618,0.8666666666666667
2,15,0.8666666666666667,3.252493063608805,0.8666666666666667
3,15,0.8,3.2406269709269204,0.8
4,15,0.8666666666666667,3.2488578955332437,0.8666666666666667
